route_number,stop_code,arrival_time,is_active,created_at
11,AVTOСТА,06:00:00,True,2026-01-11 17:39:55
11,TSRB01A,06:04:38,True,2026-01-11 17:39:55
11,GIMNAZA,06:09:16,True,2026-01-11 17:39:55
11,POCHTA5,06:14:54,True,2026-01-11 17:39:55
11,TOYMENA,06:20:32,True,2026-01-11 17:39:55
11,PEREEZD,06:30:10,True,2026-01-11 17:39:55
11,AVTOСТА,06:30:00,True,2026-01-11 17:39:55
11,TSRB01A,06:37:12,True,2026-01-11 17:39:55
11,GIMNAZA,06:42:24,True,2026-01-11 17:39:55
11,POCHTA5,06:48:36,True,2026-01-11 17:39:55
11,TOYMENA,06:53:48,True,2026-01-11 17:39:55
11,PEREEZD,07:02:00,True,2026-01-11 17:39:55
11,AVTOСТА,07:00:00,True,2026-01-11 17:39:55
11,TSRB01A,07:05:52,True,2026-01-11 17:39:55
11,GIMNAZA,07:12:44,True,2026-01-11 17:39:55
11,TOYMENA,07:24:28,True,2026-01-11 17:39:55
11,PEREEZD,07:30:21,True,2026-01-11 17:39:55
11,AVTOСТА,07:13:00,True,2026-01-11 17:39:55
11,TSRB01A,07:19:32,True,2026-01-11 17:39:55
11,GIMNAZA,07:25:04,True,2026-01-11 17:39:55
11,POCHTA5,07:28:36,True,2026-01-11 17:39:55
11,TOYMENA,07:33:08,True,2026-01-11 17:39:55
11,PEREEZD,07:38:40,True,2026-01-11 17:39:55
11,AVTOСТА,07:32:00,True,2026-01-11 17:39:55
11,TSRB01A,07:36:33,True,2026-01-11 17:39:55
11,GIMNAZA,07:41:07,True,2026-01-11 17:39:55
11,POCHTA5,07:46:41,True,2026-01-11 17:39:55
11,TOYMENA,07:51:14,True,2026-01-11 17:39:55
11,PEREEZD,07:57:48,True,2026-01-11 17:39:55
11,TSRB01A,07:47:55,True,2026-01-11 17:39:55
11,GIMNAZA,07:51:51,True,2026-01-11 17:39:55
11,POCHTA5,07:55:46,True,2026-01-11 17:39:55
11,TOYMENA,07:59:42,True,2026-01-11 17:39:55
11,PEREEZD,08:08:38,True,2026-01-11 17:39:55
11,AVTOСТА,07:59:00,True,2026-01-11 17:39:55
11,TSRB01A,08:06:14,True,2026-01-11 17:39:55
11,GIMNAZA,08:11:28,True,2026-01-11 17:39:55
11,POCHTA5,08:17:43,True,2026-01-11 17:39:55
11,TOYMENA,08:24:57,True,2026-01-11 17:39:55
11,PEREEZD,08:33:12,True,2026-01-11 17:39:55
11,AVTOСТА,08:14:00,True,2026-01-11 17:39:55
11,TSRB01A,08:20:02,True,2026-01-11 17:39:55
11,POCHTA5,08:31:06,True,2026-01-11 17:39:55
11,TOYMENA,08:37:09,True,2026-01-11 17:39:55
11,PEREEZD,08:46:11,True,2026-01-11 17:39:55
11,AVTOСТА,08:31:00,True,2026-01-11 17:39:55
11,TSRB01A,08:35:31,True,2026-01-11 17:39:55
11,GIMNAZA,08:41:02,True,2026-01-11 17:39:55
11,POCHTA5,08:47:33,True,2026-01-11 17:39:55
11,TOYMENA,08:53:04,True,2026-01-11 17:39:55
11,PEREEZD,08:58:36,True,2026-01-11 17:39:55
11,AVTOСТА,08:47:00,True,2026-01-11 17:39:55
11,TSRB01A,08:51:11,True,2026-01-11 17:39:55
11,GIMNAZA,08:55:23,True,2026-01-11 17:39:55
11,POCHTA5,09:00:35,True,2026-01-11 17:39:55
11,TOYMENA,09:06:47,True,2026-01-11 17:39:55
11,PEREEZD,09:14:59,True,2026-01-11 17:39:55
11,AVTOСТА,09:01:00,True,2026-01-11 17:39:55
11,TSRB01A,09:04:40,True,2026-01-11 17:39:55
11,GIMNAZA,09:08:20,True,2026-01-11 17:39:55
11,TOYMENA,09:18:40,True,2026-01-11 17:39:55
11,PEREEZD,09:24:20,True,2026-01-11 17:39:55
11,AVTOСТА,09:16:00,True,2026-01-11 17:39:55
11,TSRB01A,09:19:28,True,2026-01-11 17:39:55
11,GIMNAZA,09:23:56,True,2026-01-11 17:39:55
11,POCHTA5,09:30:24,True,2026-01-11 17:39:55
11,TOYMENA,09:33:53,True,2026-01-11 17:39:55
11,PEREEZD,09:39:21,True,2026-01-11 17:39:55
11,AVTOСТА,09:28:00,True,2026-01-11 17:39:55
11,TSRB01A,09:32:32,True,2026-01-11 17:39:55
11,GIMNAZA,09:39:05,True,2026-01-11 17:39:55
11,POCHTA5,09:42:38,True,2026-01-11 17:39:55
11,TOYMENA,09:48:10,True,2026-01-11 17:39:55
11,PEREEZD,09:53:43,True,2026-01-11 17:39:55
11,AVTOСТА,09:43:00,True,2026-01-11 17:39:55
11,TSRB01A,09:47:59,True,2026-01-11 17:39:55
11,GIMNAZA,09:53:58,True,2026-01-11 17:39:55
11,POCHTA5,09:57:58,True,2026-01-11 17:39:55
11,TOYMENA,10:02:57,True,2026-01-11 17:39:55
11,PEREEZD,10:09:57,True,2026-01-11 17:39:55
11,AVTOСТА,10:01:00,True,2026-01-11 17:39:55
11,GIMNAZA,10:08:35,True,2026-01-11 17:39:55
11,POCHTA5,10:15:23,True,2026-01-11 17:39:55
11,TOYMENA,10:19:11,True,2026-01-11 17:39:55
11,PEREEZD,10:25:58,True,2026-01-11 17:39:55
11,AVTOСТА,10:32:00,True,2026-01-11 17:39:55
11,GIMNAZA,10:44:13,True,2026-01-11 17:39:55
11,TOYMENA,10:53:26,True,2026-01-11 17:39:55
11,PEREEZD,11:00:03,True,2026-01-11 17:39:55
11,AVTOСТА,11:01:00,True,2026-01-11 17:39:55
11,TSRB01A,11:06:14,True,2026-01-11 17:39:55
11,GIMNAZA,11:11:28,True,2026-01-11 17:39:55
11,POCHTA5,11:16:42,True,2026-01-11 17:39:55
11,TOYMENA,11:20:56,True,2026-01-11 17:39:55
11,PEREEZD,11:28:10,True,2026-01-11 17:39:55
11,AVTOСТА,11:28:00,True,2026-01-11 17:39:55
11,TSRB01A,11:35:34,True,2026-01-11 17:39:55
11,GIMNAZA,11:40:09,True,2026-01-11 17:39:55
11,POCHTA5,11:44:44,True,2026-01-11 17:39:55
11,TOYMENA,11:50:19,True,2026-01-11 17:39:55
11,AVTOСТА,11:58:00,True,2026-01-11 17:39:55
11,TSRB01A,12:03:20,True,2026-01-11 17:39:55
11,GIMNAZA,12:07:40,True,2026-01-11 17:39:55
11,POCHTA5,12:12:01,True,2026-01-11 17:39:55
11,TOYMENA,12:18:21,True,2026-01-11 17:39:55
11,PEREEZD,12:25:42,True,2026-01-11 17:39:55
11,AVTOСТА,12:29:00,True,2026-01-11 17:39:55
11,TSRB01A,12:34:30,True,2026-01-11 17:39:55
11,GIMNAZA,12:42:01,True,2026-01-11 17:39:55
11,POCHTA5,12:48:31,True,2026-01-11 17:39:55
11,TOYMENA,12:55:02,True,2026-01-11 17:39:55
11,PEREEZD,13:04:33,True,2026-01-11 17:39:55
11,AVTOСТА,12:59:00,True,2026-01-11 17:39:55
11,TSRB01A,13:04:40,True,2026-01-11 17:39:55
11,GIMNAZA,13:09:20,True,2026-01-11 17:39:55
11,POCHTA5,13:16:01,True,2026-01-11 17:39:55
11,PEREEZD,13:29:21,True,2026-01-11 17:39:55
11,AVTOСТА,13:32:00,True,2026-01-11 17:39:55
11,TSRB01A,13:36:30,True,2026-01-11 17:39:55
11,GIMNAZA,13:41:01,True,2026-01-11 17:39:55
11,POCHTA5,13:45:32,True,2026-01-11 17:39:55
11,PEREEZD,14:00:34,True,2026-01-11 17:39:55
11,AVTOСТА,13:59:00,True,2026-01-11 17:39:55
11,TSRB01A,14:04:42,True,2026-01-11 17:39:55
11,GIMNAZA,14:11:25,True,2026-01-11 17:39:55
11,POCHTA5,14:17:08,True,2026-01-11 17:39:55
11,TOYMENA,14:21:51,True,2026-01-11 17:39:55
11,PEREEZD,14:28:33,True,2026-01-11 17:39:55
11,AVTOСТА,14:29:00,True,2026-01-11 17:39:55
11,TSRB01A,14:34:30,True,2026-01-11 17:39:55
11,GIMNAZA,14:41:00,True,2026-01-11 17:39:55
11,POCHTA5,14:45:30,True,2026-01-11 17:39:55
11,TOYMENA,14:53:00,True,2026-01-11 17:39:55
11,PEREEZD,15:02:30,True,2026-01-11 17:39:55
11,AVTOСТА,15:01:00,True,2026-01-11 17:39:55
11,TSRB01A,15:05:47,True,2026-01-11 17:39:55
11,GIMNAZA,15:10:34,True,2026-01-11 17:39:55
11,POCHTA5,15:15:22,True,2026-01-11 17:39:55
11,TOYMENA,15:21:09,True,2026-01-11 17:39:55
11,PEREEZD,15:27:57,True,2026-01-11 17:39:55
11,AVTOСТА,15:31:00,True,2026-01-11 17:39:55
11,TSRB01A,15:35:11,True,2026-01-11 17:39:55
11,GIMNAZA,15:41:23,True,2026-01-11 17:39:55
11,POCHTA5,15:48:34,True,2026-01-11 17:39:55
11,TOYMENA,15:52:46,True,2026-01-11 17:39:55
11,PEREEZD,15:59:57,True,2026-01-11 17:39:55
11,AVTOСТА,16:02:00,True,2026-01-11 17:39:55
11,TSRB01A,16:09:46,True,2026-01-11 17:39:55
11,GIMNAZA,16:15:32,True,2026-01-11 17:39:55
11,POCHTA5,16:22:18,True,2026-01-11 17:39:55
11,TOYMENA,16:27:05,True,2026-01-11 17:39:55
11,PEREEZD,16:33:51,True,2026-01-11 17:39:55
11,AVTOСТА,16:15:00,True,2026-01-11 17:39:55
11,TSRB01A,16:21:18,True,2026-01-11 17:39:55
11,GIMNAZA,16:26:36,True,2026-01-11 17:39:55
11,POCHTA5,16:30:54,True,2026-01-11 17:39:55
11,TOYMENA,16:37:12,True,2026-01-11 17:39:55
11,PEREEZD,16:46:30,True,2026-01-11 17:39:55
11,AVTOСТА,16:28:00,True,2026-01-11 17:39:55
11,TSRB01A,16:31:47,True,2026-01-11 17:39:55
11,GIMNAZA,16:35:35,True,2026-01-11 17:39:55
11,POCHTA5,16:40:23,True,2026-01-11 17:39:55
11,TOYMENA,16:46:11,True,2026-01-11 17:39:55
11,PEREEZD,16:54:58,True,2026-01-11 17:39:55
11,TSRB01A,16:48:53,True,2026-01-11 17:39:55
11,GIMNAZA,16:52:46,True,2026-01-11 17:39:55
11,POCHTA5,16:57:40,True,2026-01-11 17:39:55
11,TOYMENA,17:02:33,True,2026-01-11 17:39:55
11,PEREEZD,17:08:27,True,2026-01-11 17:39:55
11,AVTOСТА,16:59:00,True,2026-01-11 17:39:55
11,TSRB01A,17:04:20,True,2026-01-11 17:39:55
11,GIMNAZA,17:11:40,True,2026-01-11 17:39:55
11,POCHTA5,17:19:00,True,2026-01-11 17:39:55
11,TOYMENA,17:24:21,True,2026-01-11 17:39:55
11,PEREEZD,17:30:41,True,2026-01-11 17:39:55
11,AVTOСТА,17:17:00,True,2026-01-11 17:39:55
11,TSRB01A,17:21:11,True,2026-01-11 17:39:55
11,GIMNAZA,17:28:22,True,2026-01-11 17:39:55
11,POCHTA5,17:32:33,True,2026-01-11 17:39:55
11,TOYMENA,17:38:45,True,2026-01-11 17:39:55
11,PEREEZD,17:44:56,True,2026-01-11 17:39:55
11,AVTOСТА,17:31:00,True,2026-01-11 17:39:55
11,TSRB01A,17:35:40,True,2026-01-11 17:39:55
11,GIMNAZA,17:40:20,True,2026-01-11 17:39:55
11,POCHTA5,17:46:01,True,2026-01-11 17:39:55
11,TOYMENA,17:49:41,True,2026-01-11 17:39:55
11,PEREEZD,17:56:21,True,2026-01-11 17:39:55
11,TSRB01A,17:52:12,True,2026-01-11 17:39:55
11,GIMNAZA,17:57:25,True,2026-01-11 17:39:55
11,POCHTA5,18:02:38,True,2026-01-11 17:39:55
11,PEREEZD,18:14:03,True,2026-01-11 17:39:55
11,AVTOСТА,17:58:00,True,2026-01-11 17:39:55
11,TSRB01A,18:05:38,True,2026-01-11 17:39:55
11,GIMNAZA,18:13:16,True,2026-01-11 17:39:55
11,POCHTA5,18:18:54,True,2026-01-11 17:39:55
11,TOYMENA,18:26:33,True,2026-01-11 17:39:55
11,PEREEZD,18:36:11,True,2026-01-11 17:39:55
11,AVTOСТА,18:13:00,True,2026-01-11 17:39:55
11,TSRB01A,18:19:16,True,2026-01-11 17:39:55
11,GIMNAZA,18:26:32,True,2026-01-11 17:39:55
11,POCHTA5,18:32:49,True,2026-01-11 17:39:55
11,TOYMENA,18:38:05,True,2026-01-11 17:39:55
11,PEREEZD,18:44:22,True,2026-01-11 17:39:55
11,AVTOСТА,18:31:00,True,2026-01-11 17:39:55
11,TSRB01A,18:37:53,True,2026-01-11 17:39:55
11,GIMNAZA,18:41:47,True,2026-01-11 17:39:55
11,POCHTA5,18:46:41,True,2026-01-11 17:39:55
11,TOYMENA,18:52:35,True,2026-01-11 17:39:55
11,PEREEZD,19:00:29,True,2026-01-11 17:39:55
11,AVTOСТА,18:46:00,True,2026-01-11 17:39:55
11,TSRB01A,18:49:41,True,2026-01-11 17:39:55
11,GIMNAZA,18:53:23,True,2026-01-11 17:39:55
11,POCHTA5,19:00:05,True,2026-01-11 17:39:55
11,TOYMENA,19:03:47,True,2026-01-11 17:39:55
11,PEREEZD,19:11:29,True,2026-01-11 17:39:55
11,AVTOСТА,18:58:00,True,2026-01-11 17:39:55
11,TSRB01A,19:04:48,True,2026-01-11 17:39:55
11,GIMNAZA,19:10:36,True,2026-01-11 17:39:55
11,POCHTA5,19:16:24,True,2026-01-11 17:39:55
11,TOYMENA,19:21:12,True,2026-01-11 17:39:55
11,PEREEZD,19:29:00,True,2026-01-11 17:39:55
11,AVTOСТА,19:31:00,True,2026-01-11 17:39:55
11,TSRB01A,19:34:54,True,2026-01-11 17:39:55
11,GIMNAZA,19:41:48,True,2026-01-11 17:39:55
11,POCHTA5,19:48:42,True,2026-01-11 17:39:55
11,TOYMENA,19:52:37,True,2026-01-11 17:39:55
11,PEREEZD,20:01:31,True,2026-01-11 17:39:55
11,AVTOСТА,20:00:00,True,2026-01-11 17:39:55
11,TSRB01A,20:03:35,True,2026-01-11 17:39:55
11,GIMNAZA,20:07:10,True,2026-01-11 17:39:55
11,POCHTA5,20:10:46,True,2026-01-11 17:39:55
11,TOYMENA,20:16:21,True,2026-01-11 17:39:55
11,AVTOСТА,20:28:00,True,2026-01-11 17:39:55
11,TSRB01A,20:34:23,True,2026-01-11 17:39:55
11,GIMNAZA,20:38:46,True,2026-01-11 17:39:55
11,POCHTA5,20:42:09,True,2026-01-11 17:39:55
11,TOYMENA,20:46:32,True,2026-01-11 17:39:55
11,PEREEZD,20:54:55,True,2026-01-11 17:39:55
11,AVTOСТА,21:02:00,True,2026-01-11 17:39:55
11,TSRB01A,21:08:22,True,2026-01-11 17:39:55
11,GIMNAZA,21:15:45,True,2026-01-11 17:39:55
11,POCHTA5,21:20:08,True,2026-01-11 17:39:55
11,TOYMENA,21:26:31,True,2026-01-11 17:39:55
11,PEREEZD,21:33:54,True,2026-01-11 17:39:55
11,AVTOСТА,21:30:00,True,2026-01-11 17:39:55
11,TSRB01A,21:33:49,True,2026-01-11 17:39:55
11,GIMNAZA,21:39:39,True,2026-01-11 17:39:55
11,POCHTA5,21:45:29,True,2026-01-11 17:39:55
11,TOYMENA,21:51:19,True,2026-01-11 17:39:55
11,PEREEZD,21:57:08,True,2026-01-11 17:39:55
11,AVTOСТА,21:58:00,True,2026-01-11 17:39:55
11,TSRB01A,22:02:24,True,2026-01-11 17:39:55
11,GIMNAZA,22:08:48,True,2026-01-11 17:39:55
11,POCHTA5,22:16:12,True,2026-01-11 17:39:55
11,TOYMENA,22:20:36,True,2026-01-11 17:39:55
11,PEREEZD,22:30:00,True,2026-01-11 17:39:55
11,AVTOСТА,22:30:00,True,2026-01-11 17:39:55
11,TSRB01A,22:35:33,True,2026-01-11 17:39:55
11,GIMNAZA,22:40:06,True,2026-01-11 17:39:55
11,POCHTA5,22:45:39,True,2026-01-11 17:39:55
11,TOYMENA,22:52:12,True,2026-01-11 17:39:55
11,PEREEZD,22:59:45,True,2026-01-11 17:39:55
12,PEREEZB,06:12:00,True,2026-01-11 17:39:55
12,TOYMENB,06:16:58,True,2026-01-11 17:39:55
12,POCHTA5B,06:20:56,True,2026-01-11 17:39:55
12,GIMNAZB,06:27:54,True,2026-01-11 17:39:55
12,TSRB01B,06:34:52,True,2026-01-11 17:39:55
12,AVTOSTB,06:39:51,True,2026-01-11 17:39:55
12,PEREEZB,06:39:00,True,2026-01-11 17:39:55
12,TOYMENB,06:46:27,True,2026-01-11 17:39:55
12,POCHTA5B,06:50:55,True,2026-01-11 17:39:55
12,GIMNAZB,06:55:23,True,2026-01-11 17:39:55
12,TSRB01B,07:02:50,True,2026-01-11 17:39:55
12,AVTOSTB,07:09:18,True,2026-01-11 17:39:55
12,PEREEZB,07:11:00,True,2026-01-11 17:39:55
12,TOYMENB,07:17:45,True,2026-01-11 17:39:55
12,POCHTA5B,07:22:31,True,2026-01-11 17:39:55
12,GIMNAZB,07:28:17,True,2026-01-11 17:39:55
12,TSRB01B,07:35:02,True,2026-01-11 17:39:55
12,AVTOSTB,07:42:48,True,2026-01-11 17:39:55
12,PEREEZB,07:23:00,True,2026-01-11 17:39:55
12,TOYMENB,07:29:24,True,2026-01-11 17:39:55
12,POCHTA5B,07:35:49,True,2026-01-11 17:39:55
12,GIMNAZB,07:43:13,True,2026-01-11 17:39:55
12,TSRB01B,07:49:38,True,2026-01-11 17:39:55
12,AVTOSTB,07:55:02,True,2026-01-11 17:39:55
12,TOYMENB,07:45:06,True,2026-01-11 17:39:55
12,POCHTA5B,07:51:12,True,2026-01-11 17:39:55
12,GIMNAZB,07:56:18,True,2026-01-11 17:39:55
12,TSRB01B,08:01:24,True,2026-01-11 17:39:55
12,AVTOSTB,08:06:30,True,2026-01-11 17:39:55
12,PEREEZB,07:57:00,True,2026-01-11 17:39:55
12,TOYMENB,08:00:28,True,2026-01-11 17:39:55
12,POCHTA5B,08:05:57,True,2026-01-11 17:39:55
12,GIMNAZB,08:09:26,True,2026-01-11 17:39:55
12,TSRB01B,08:14:55,True,2026-01-11 17:39:55
12,AVTOSTB,08:20:24,True,2026-01-11 17:39:55
12,PEREEZB,08:11:00,True,2026-01-11 17:39:55
12,TOYMENB,08:18:38,True,2026-01-11 17:39:55
12,POCHTA5B,08:26:17,True,2026-01-11 17:39:55
12,GIMNAZB,08:33:56,True,2026-01-11 17:39:55
12,TSRB01B,08:40:35,True,2026-01-11 17:39:55
12,AVTOSTB,08:46:14,True,2026-01-11 17:39:55
12,PEREEZB,08:25:00,True,2026-01-11 17:39:55
12,TOYMENB,08:30:43,True,2026-01-11 17:39:55
12,POCHTA5B,08:35:26,True,2026-01-11 17:39:55
12,GIMNAZB,08:42:10,True,2026-01-11 17:39:55
12,TSRB01B,08:45:53,True,2026-01-11 17:39:55
12,AVTOSTB,08:50:37,True,2026-01-11 17:39:55
12,PEREEZB,08:42:00,True,2026-01-11 17:39:55
12,TOYMENB,08:47:13,True,2026-01-11 17:39:55
12,POCHTA5B,08:51:26,True,2026-01-11 17:39:55
12,GIMNAZB,08:56:40,True,2026-01-11 17:39:55
12,TSRB01B,09:02:53,True,2026-01-11 17:39:55
12,AVTOSTB,09:06:06,True,2026-01-11 17:39:55
12,PEREEZB,08:54:00,True,2026-01-11 17:39:55
12,TOYMENB,08:58:28,True,2026-01-11 17:39:55
12,POCHTA5B,09:03:57,True,2026-01-11 17:39:55
12,GIMNAZB,09:09:26,True,2026-01-11 17:39:55
12,TSRB01B,09:13:55,True,2026-01-11 17:39:55
12,PEREEZB,09:08:00,True,2026-01-11 17:39:55
12,TOYMENB,09:12:45,True,2026-01-11 17:39:55
12,POCHTA5B,09:17:30,True,2026-01-11 17:39:55
12,GIMNAZB,09:22:16,True,2026-01-11 17:39:55
12,TSRB01B,09:27:01,True,2026-01-11 17:39:55
12,AVTOSTB,09:33:47,True,2026-01-11 17:39:55
12,PEREEZB,09:26:00,True,2026-01-11 17:39:55
12,TOYMENB,09:32:03,True,2026-01-11 17:39:55
12,POCHTA5B,09:39:06,True,2026-01-11 17:39:55
12,GIMNAZB,09:46:09,True,2026-01-11 17:39:55
12,TSRB01B,09:52:12,True,2026-01-11 17:39:55
12,AVTOSTB,09:56:15,True,2026-01-11 17:39:55
12,PEREEZB,09:38:00,True,2026-01-11 17:39:55
12,TOYMENB,09:43:35,True,2026-01-11 17:39:55
12,POCHTA5B,09:50:11,True,2026-01-11 17:39:55
12,GIMNAZB,09:53:47,True,2026-01-11 17:39:55
12,TSRB01B,10:00:23,True,2026-01-11 17:39:55
12,AVTOSTB,10:03:59,True,2026-01-11 17:39:55
12,PEREEZB,09:55:00,True,2026-01-11 17:39:55
12,TOYMENB,09:58:29,True,2026-01-11 17:39:55
12,POCHTA5B,10:01:59,True,2026-01-11 17:39:55
12,GIMNAZB,10:06:29,True,2026-01-11 17:39:55
12,TSRB01B,10:09:58,True,2026-01-11 17:39:55
12,AVTOSTB,10:16:28,True,2026-01-11 17:39:55
12,PEREEZB,10:12:00,True,2026-01-11 17:39:55
12,TOYMENB,10:18:32,True,2026-01-11 17:39:55
12,POCHTA5B,10:23:05,True,2026-01-11 17:39:55
12,GIMNAZB,10:29:38,True,2026-01-11 17:39:55
12,AVTOSTB,10:39:44,True,2026-01-11 17:39:55
12,PEREEZB,10:38:00,True,2026-01-11 17:39:55
12,TOYMENB,10:45:26,True,2026-01-11 17:39:55
12,POCHTA5B,10:49:52,True,2026-01-11 17:39:55
12,GIMNAZB,10:54:18,True,2026-01-11 17:39:55
12,TSRB01B,11:00:45,True,2026-01-11 17:39:55
12,AVTOSTB,11:08:11,True,2026-01-11 17:39:55
12,PEREEZB,11:08:00,True,2026-01-11 17:39:55
12,TOYMENB,11:15:05,True,2026-01-11 17:39:55
12,GIMNAZB,11:26:16,True,2026-01-11 17:39:55
12,TSRB01B,11:30:21,True,2026-01-11 17:39:55
12,AVTOSTB,11:34:27,True,2026-01-11 17:39:55
12,PEREEZB,11:40:00,True,2026-01-11 17:39:55
12,TOYMENB,11:43:28,True,2026-01-11 17:39:55
12,POCHTA5B,11:47:57,True,2026-01-11 17:39:55
12,GIMNAZB,11:51:26,True,2026-01-11 17:39:55
12,TSRB01B,11:54:55,True,2026-01-11 17:39:55
12,AVTOSTB,12:01:24,True,2026-01-11 17:39:55
12,PEREEZB,12:10:00,True,2026-01-11 17:39:55
12,TOYMENB,12:15:36,True,2026-01-11 17:39:55
12,POCHTA5B,12:20:12,True,2026-01-11 17:39:55
12,GIMNAZB,12:23:49,True,2026-01-11 17:39:55
12,TSRB01B,12:28:25,True,2026-01-11 17:39:55
12,AVTOSTB,12:32:02,True,2026-01-11 17:39:55
12,PEREEZB,12:39:00,True,2026-01-11 17:39:55
12,TOYMENB,12:42:52,True,2026-01-11 17:39:55
12,POCHTA5B,12:47:44,True,2026-01-11 17:39:55
12,GIMNAZB,12:51:37,True,2026-01-11 17:39:55
12,TSRB01B,12:58:29,True,2026-01-11 17:39:55
12,AVTOSTB,13:04:22,True,2026-01-11 17:39:55
12,PEREEZB,13:09:00,True,2026-01-11 17:39:55
12,TOYMENB,13:15:34,True,2026-01-11 17:39:55
12,POCHTA5B,13:19:09,True,2026-01-11 17:39:55
12,GIMNAZB,13:24:43,True,2026-01-11 17:39:55
12,TSRB01B,13:29:18,True,2026-01-11 17:39:55
12,AVTOSTB,13:34:53,True,2026-01-11 17:39:55
12,PEREEZB,13:38:00,True,2026-01-11 17:39:55
12,TOYMENB,13:42:38,True,2026-01-11 17:39:55
12,POCHTA5B,13:49:16,True,2026-01-11 17:39:55
12,GIMNAZB,13:53:55,True,2026-01-11 17:39:55
12,TSRB01B,14:00:33,True,2026-01-11 17:39:55
12,AVTOSTB,14:05:12,True,2026-01-11 17:39:55
12,PEREEZB,14:12:00,True,2026-01-11 17:39:55
12,TOYMENB,14:16:48,True,2026-01-11 17:39:55
12,POCHTA5B,14:20:37,True,2026-01-11 17:39:55
12,GIMNAZB,14:25:26,True,2026-01-11 17:39:55
12,TSRB01B,14:31:15,True,2026-01-11 17:39:55
12,AVTOSTB,14:37:04,True,2026-01-11 17:39:55
12,TOYMENB,14:43:43,True,2026-01-11 17:39:55
12,POCHTA5B,14:47:26,True,2026-01-11 17:39:55
12,GIMNAZB,14:53:10,True,2026-01-11 17:39:55
12,TSRB01B,14:57:53,True,2026-01-11 17:39:55
12,AVTOSTB,15:01:36,True,2026-01-11 17:39:55
12,PEREEZB,15:08:00,True,2026-01-11 17:39:55
12,TOYMENB,15:13:43,True,2026-01-11 17:39:55
12,POCHTA5B,15:17:27,True,2026-01-11 17:39:55
12,GIMNAZB,15:22:11,True,2026-01-11 17:39:55
12,TSRB01B,15:26:55,True,2026-01-11 17:39:55
12,AVTOSTB,15:33:39,True,2026-01-11 17:39:55
12,PEREEZB,15:41:00,True,2026-01-11 17:39:55
12,TOYMENB,15:48:46,True,2026-01-11 17:39:55
12,POCHTA5B,15:56:33,True,2026-01-11 17:39:55
12,GIMNAZB,16:02:20,True,2026-01-11 17:39:55
12,AVTOSTB,16:11:54,True,2026-01-11 17:39:55
12,PEREEZB,16:12:00,True,2026-01-11 17:39:55
12,TOYMENB,16:17:25,True,2026-01-11 17:39:55
12,POCHTA5B,16:22:50,True,2026-01-11 17:39:55
12,GIMNAZB,16:29:15,True,2026-01-11 17:39:55
12,TSRB01B,16:35:40,True,2026-01-11 17:39:55
12,AVTOSTB,16:39:05,True,2026-01-11 17:39:55
12,PEREEZB,16:24:00,True,2026-01-11 17:39:55
12,TOYMENB,16:29:38,True,2026-01-11 17:39:55
12,POCHTA5B,16:34:17,True,2026-01-11 17:39:55
12,GIMNAZB,16:38:55,True,2026-01-11 17:39:55
12,TSRB01B,16:43:34,True,2026-01-11 17:39:55
12,AVTOSTB,16:48:13,True,2026-01-11 17:39:55
12,PEREEZB,16:40:00,True,2026-01-11 17:39:55
12,TOYMENB,16:45:26,True,2026-01-11 17:39:55
12,POCHTA5B,16:50:52,True,2026-01-11 17:39:55
12,GIMNAZB,16:57:18,True,2026-01-11 17:39:55
12,TSRB01B,17:03:45,True,2026-01-11 17:39:55
12,AVTOSTB,17:08:11,True,2026-01-11 17:39:55
12,PEREEZB,16:56:00,True,2026-01-11 17:39:55
12,TOYMENB,17:00:26,True,2026-01-11 17:39:55
12,POCHTA5B,17:04:52,True,2026-01-11 17:39:55
12,GIMNAZB,17:10:18,True,2026-01-11 17:39:55
12,TSRB01B,17:16:45,True,2026-01-11 17:39:55
12,AVTOSTB,17:20:11,True,2026-01-11 17:39:55
12,PEREEZB,17:10:00,True,2026-01-11 17:39:55
12,TOYMENB,17:17:12,True,2026-01-11 17:39:55
12,POCHTA5B,17:21:25,True,2026-01-11 17:39:55
12,GIMNAZB,17:26:38,True,2026-01-11 17:39:55
12,TSRB01B,17:30:51,True,2026-01-11 17:39:55
12,AVTOSTB,17:35:04,True,2026-01-11 17:39:55
12,PEREEZB,17:26:00,True,2026-01-11 17:39:55
12,TOYMENB,17:31:17,True,2026-01-11 17:39:55
12,POCHTA5B,17:36:34,True,2026-01-11 17:39:55
12,GIMNAZB,17:43:51,True,2026-01-11 17:39:55
12,TSRB01B,17:48:09,True,2026-01-11 17:39:55
12,AVTOSTB,17:52:26,True,2026-01-11 17:39:55
12,PEREEZB,17:39:00,True,2026-01-11 17:39:55
12,TOYMENB,17:45:45,True,2026-01-11 17:39:55
12,POCHTA5B,17:52:30,True,2026-01-11 17:39:55
12,GIMNAZB,17:57:16,True,2026-01-11 17:39:55
12,TSRB01B,18:05:01,True,2026-01-11 17:39:55
12,AVTOSTB,18:12:47,True,2026-01-11 17:39:55
12,PEREEZB,17:55:00,True,2026-01-11 17:39:55
12,TOYMENB,18:01:21,True,2026-01-11 17:39:55
12,POCHTA5B,18:05:43,True,2026-01-11 17:39:55
12,GIMNAZB,18:12:04,True,2026-01-11 17:39:55
12,TSRB01B,18:18:26,True,2026-01-11 17:39:55
12,PEREEZB,18:11:00,True,2026-01-11 17:39:55
12,TOYMENB,18:15:23,True,2026-01-11 17:39:55
12,POCHTA5B,18:18:46,True,2026-01-11 17:39:55
12,TSRB01B,18:29:32,True,2026-01-11 17:39:55
12,AVTOSTB,18:33:55,True,2026-01-11 17:39:55
12,PEREEZB,18:27:00,True,2026-01-11 17:39:55
12,POCHTA5B,18:36:59,True,2026-01-11 17:39:55
12,GIMNAZB,18:43:29,True,2026-01-11 17:39:55
12,TSRB01B,18:47:59,True,2026-01-11 17:39:55
12,AVTOSTB,18:51:29,True,2026-01-11 17:39:55
12,PEREEZB,18:40:00,True,2026-01-11 17:39:55
12,TOYMENB,18:46:46,True,2026-01-11 17:39:55
12,POCHTA5B,18:50:33,True,2026-01-11 17:39:55
12,GIMNAZB,18:57:19,True,2026-01-11 17:39:55
12,AVTOSTB,19:08:53,True,2026-01-11 17:39:55
12,PEREEZB,18:56:00,True,2026-01-11 17:39:55
12,TOYMENB,19:02:18,True,2026-01-11 17:39:55
12,POCHTA5B,19:06:37,True,2026-01-11 17:39:55
12,GIMNAZB,19:09:55,True,2026-01-11 17:39:55
12,TSRB01B,19:16:14,True,2026-01-11 17:39:55
12,AVTOSTB,19:20:32,True,2026-01-11 17:39:55
12,PEREEZB,19:09:00,True,2026-01-11 17:39:55
12,TOYMENB,19:13:13,True,2026-01-11 17:39:55
12,POCHTA5B,19:19:26,True,2026-01-11 17:39:55
12,GIMNAZB,19:24:39,True,2026-01-11 17:39:55
12,TSRB01B,19:30:52,True,2026-01-11 17:39:55
12,AVTOSTB,19:36:06,True,2026-01-11 17:39:55
12,PEREEZB,19:40:00,True,2026-01-11 17:39:55
12,TOYMENB,19:46:38,True,2026-01-11 17:39:55
12,POCHTA5B,19:51:16,True,2026-01-11 17:39:55
12,GIMNAZB,19:56:54,True,2026-01-11 17:39:55
12,TSRB01B,20:04:32,True,2026-01-11 17:39:55
12,AVTOSTB,20:09:10,True,2026-01-11 17:39:55
12,PEREEZB,20:09:00,True,2026-01-11 17:39:55
12,TOYMENB,20:16:25,True,2026-01-11 17:39:55
12,POCHTA5B,20:20:50,True,2026-01-11 17:39:55
12,GIMNAZB,20:26:15,True,2026-01-11 17:39:55
12,TSRB01B,20:31:40,True,2026-01-11 17:39:55
12,AVTOSTB,20:38:05,True,2026-01-11 17:39:55
12,PEREEZB,20:40:00,True,2026-01-11 17:39:55
12,TOYMENB,20:46:51,True,2026-01-11 17:39:55
12,POCHTA5B,20:53:43,True,2026-01-11 17:39:55
12,GIMNAZB,20:57:35,True,2026-01-11 17:39:55
12,TSRB01B,21:01:26,True,2026-01-11 17:39:55
12,AVTOSTB,21:08:18,True,2026-01-11 17:39:55
12,PEREEZB,21:08:00,True,2026-01-11 17:39:55
12,TOYMENB,21:13:17,True,2026-01-11 17:39:55
12,POCHTA5B,21:16:35,True,2026-01-11 17:39:55
12,GIMNAZB,21:20:53,True,2026-01-11 17:39:55
12,TSRB01B,21:24:11,True,2026-01-11 17:39:55
12,AVTOSTB,21:30:29,True,2026-01-11 17:39:55
12,PEREEZB,21:39:00,True,2026-01-11 17:39:55
12,POCHTA5B,21:48:40,True,2026-01-11 17:39:55
12,GIMNAZB,21:53:00,True,2026-01-11 17:39:55
12,TSRB01B,21:59:20,True,2026-01-11 17:39:55
12,AVTOSTB,22:05:40,True,2026-01-11 17:39:55
12,PEREEZB,22:10:00,True,2026-01-11 17:39:55
12,TOYMENB,22:14:22,True,2026-01-11 17:39:55
12,POCHTA5B,22:20:45,True,2026-01-11 17:39:55
12,GIMNAZB,22:26:08,True,2026-01-11 17:39:55
12,TSRB01B,22:32:30,True,2026-01-11 17:39:55
12,AVTOSTB,22:38:53,True,2026-01-11 17:39:55
12,PEREEZB,22:38:00,True,2026-01-11 17:39:55
12,TOYMENB,22:43:38,True,2026-01-11 17:39:55
12,POCHTA5B,22:50:16,True,2026-01-11 17:39:55
12,GIMNAZB,22:55:54,True,2026-01-11 17:39:55
12,TSRB01B,23:02:33,True,2026-01-11 17:39:55
12,AVTOSTB,23:06:11,True,2026-01-11 17:39:55
21,AVTOSTB,06:15:00,True,2026-01-11 17:39:55
21,KRASNZA,06:32:24,True,2026-01-11 17:39:55
21,SHKOLA5A,06:38:52,True,2026-01-11 17:39:55
21,SELHTEH,06:44:20,True,2026-01-11 17:39:55
21,PEREEZD,06:50:48,True,2026-01-11 17:39:55
21,AVTOSTB,07:15:00,True,2026-01-11 17:39:55
21,TEHNIKM,07:19:14,True,2026-01-11 17:39:55
21,NALOG1A,07:25:29,True,2026-01-11 17:39:55
21,KRASNZA,07:31:44,True,2026-01-11 17:39:55
21,SELHTEH,07:42:13,True,2026-01-11 17:39:55
21,PEREEZD,07:49:28,True,2026-01-11 17:39:55
21,AVTOSTB,07:45:00,True,2026-01-11 17:39:55
21,TEHNIKM,07:50:30,True,2026-01-11 17:39:55
21,KRASNZA,08:04:32,True,2026-01-11 17:39:55
21,SHKOLA5A,08:09:03,True,2026-01-11 17:39:55
21,PEREEZD,08:23:05,True,2026-01-11 17:39:55
21,AVTOSTB,08:13:00,True,2026-01-11 17:39:55
21,TEHNIKM,08:17:36,True,2026-01-11 17:39:55
21,NALOG1A,08:22:12,True,2026-01-11 17:39:55
21,KRASNZA,08:29:48,True,2026-01-11 17:39:55
21,SHKOLA5A,08:34:25,True,2026-01-11 17:39:55
21,SELHTEH,08:41:01,True,2026-01-11 17:39:55
21,PEREEZD,08:48:37,True,2026-01-11 17:39:55
21,AVTOSTB,08:46:00,True,2026-01-11 17:39:55
21,TEHNIKM,08:51:27,True,2026-01-11 17:39:55
21,NALOG1A,08:56:55,True,2026-01-11 17:39:55
21,KRASNZA,09:02:22,True,2026-01-11 17:39:55
21,SHKOLA5A,09:07:50,True,2026-01-11 17:39:55
21,SELHTEH,09:13:17,True,2026-01-11 17:39:55
21,AVTOSTB,09:17:00,True,2026-01-11 17:39:55
21,TEHNIKM,09:21:02,True,2026-01-11 17:39:55
21,NALOG1A,09:27:05,True,2026-01-11 17:39:55
21,KRASNZA,09:34:08,True,2026-01-11 17:39:55
21,SHKOLA5A,09:39:11,True,2026-01-11 17:39:55
21,SELHTEH,09:43:14,True,2026-01-11 17:39:55
21,PEREEZD,09:50:17,True,2026-01-11 17:39:55
21,AVTOSTB,09:44:00,True,2026-01-11 17:39:55
21,TEHNIKM,09:48:18,True,2026-01-11 17:39:55
21,NALOG1A,09:51:37,True,2026-01-11 17:39:55
21,KRASNZA,09:56:56,True,2026-01-11 17:39:55
21,SHKOLA5A,10:01:15,True,2026-01-11 17:39:55
21,SELHTEH,10:06:34,True,2026-01-11 17:39:55
21,PEREEZD,10:12:53,True,2026-01-11 17:39:55
21,AVTOSTB,10:17:00,True,2026-01-11 17:39:55
21,TEHNIKM,10:21:34,True,2026-01-11 17:39:55
21,NALOG1A,10:29:09,True,2026-01-11 17:39:55
21,KRASNZA,10:36:43,True,2026-01-11 17:39:55
21,SHKOLA5A,10:44:18,True,2026-01-11 17:39:55
21,SELHTEH,10:48:53,True,2026-01-11 17:39:55
21,PEREEZD,10:56:27,True,2026-01-11 17:39:55
21,AVTOSTB,11:13:00,True,2026-01-11 17:39:55
21,TEHNIKM,11:18:22,True,2026-01-11 17:39:55
21,NALOG1A,11:24:44,True,2026-01-11 17:39:55
21,KRASNZA,11:29:07,True,2026-01-11 17:39:55
21,SHKOLA5A,11:33:29,True,2026-01-11 17:39:55
21,SELHTEH,11:39:52,True,2026-01-11 17:39:55
21,PEREEZD,11:45:14,True,2026-01-11 17:39:55
21,AVTOSTB,12:15:00,True,2026-01-11 17:39:55
21,TEHNIKM,12:19:44,True,2026-01-11 17:39:55
21,NALOG1A,12:25:28,True,2026-01-11 17:39:55
21,KRASNZA,12:30:12,True,2026-01-11 17:39:55
21,SHKOLA5A,12:35:56,True,2026-01-11 17:39:55
21,SELHTEH,12:42:41,True,2026-01-11 17:39:55
21,PEREEZD,12:50:25,True,2026-01-11 17:39:55
21,AVTOSTB,13:14:00,True,2026-01-11 17:39:55
21,TEHNIKM,13:21:34,True,2026-01-11 17:39:55
21,KRASNZA,13:35:43,True,2026-01-11 17:39:55
21,SHKOLA5A,13:41:17,True,2026-01-11 17:39:55
21,SELHTEH,13:48:52,True,2026-01-11 17:39:55
21,PEREEZD,13:56:26,True,2026-01-11 17:39:55
21,AVTOSTB,14:15:00,True,2026-01-11 17:39:55
21,TEHNIKM,14:20:48,True,2026-01-11 17:39:55
21,NALOG1A,14:26:37,True,2026-01-11 17:39:55
21,KRASNZA,14:31:26,True,2026-01-11 17:39:55
21,SHKOLA5A,14:38:14,True,2026-01-11 17:39:55
21,SELHTEH,14:43:03,True,2026-01-11 17:39:55
21,PEREEZD,14:51:52,True,2026-01-11 17:39:55
21,AVTOSTB,15:16:00,True,2026-01-11 17:39:55
21,TEHNIKM,15:22:30,True,2026-01-11 17:39:55
21,NALOG1A,15:29:01,True,2026-01-11 17:39:55
21,KRASNZA,15:32:31,True,2026-01-11 17:39:55
21,SHKOLA5A,15:39:02,True,2026-01-11 17:39:55
21,SELHTEH,15:45:33,True,2026-01-11 17:39:55
21,PEREEZD,15:51:03,True,2026-01-11 17:39:55
21,AVTOSTB,16:17:00,True,2026-01-11 17:39:55
21,TEHNIKM,16:24:25,True,2026-01-11 17:39:55
21,NALOG1A,16:31:51,True,2026-01-11 17:39:55
21,KRASNZA,16:36:16,True,2026-01-11 17:39:55
21,SHKOLA5A,16:40:42,True,2026-01-11 17:39:55
21,SELHTEH,16:45:08,True,2026-01-11 17:39:55
21,PEREEZD,16:54:33,True,2026-01-11 17:39:55
21,AVTOSTB,16:47:00,True,2026-01-11 17:39:55
21,TEHNIKM,16:52:23,True,2026-01-11 17:39:55
21,NALOG1A,16:56:47,True,2026-01-11 17:39:55
21,KRASNZA,17:03:10,True,2026-01-11 17:39:55
21,SHKOLA5A,17:10:34,True,2026-01-11 17:39:55
21,SELHTEH,17:17:58,True,2026-01-11 17:39:55
21,PEREEZD,17:25:21,True,2026-01-11 17:39:55
21,AVTOSTB,17:15:00,True,2026-01-11 17:39:55
21,TEHNIKM,17:19:25,True,2026-01-11 17:39:55
21,NALOG1A,17:23:51,True,2026-01-11 17:39:55
21,KRASNZA,17:27:17,True,2026-01-11 17:39:55
21,SHKOLA5A,17:31:42,True,2026-01-11 17:39:55
21,PEREEZD,17:41:34,True,2026-01-11 17:39:55
21,AVTOSTB,17:45:00,True,2026-01-11 17:39:55
21,TEHNIKM,17:50:48,True,2026-01-11 17:39:55
21,NALOG1A,17:56:37,True,2026-01-11 17:39:55
21,KRASNZA,18:01:26,True,2026-01-11 17:39:55
21,SELHTEH,18:10:04,True,2026-01-11 17:39:55
21,PEREEZD,18:18:52,True,2026-01-11 17:39:55
21,AVTOSTB,18:17:00,True,2026-01-11 17:39:55
21,TEHNIKM,18:23:56,True,2026-01-11 17:39:55
21,NALOG1A,18:28:52,True,2026-01-11 17:39:55
21,KRASNZA,18:32:49,True,2026-01-11 17:39:55
21,SHKOLA5A,18:39:45,True,2026-01-11 17:39:55
21,SELHTEH,18:46:41,True,2026-01-11 17:39:55
21,PEREEZD,18:52:38,True,2026-01-11 17:39:55
21,AVTOSTB,18:44:00,True,2026-01-11 17:39:55
21,TEHNIKM,18:50:15,True,2026-01-11 17:39:55
21,NALOG1A,18:57:30,True,2026-01-11 17:39:55
21,KRASNZA,19:03:45,True,2026-01-11 17:39:55
21,SHKOLA5A,19:09:00,True,2026-01-11 17:39:55
21,SELHTEH,19:14:15,True,2026-01-11 17:39:55
21,PEREEZD,19:23:30,True,2026-01-11 17:39:55
21,AVTOSTB,19:13:00,True,2026-01-11 17:39:55
21,TEHNIKM,19:20:07,True,2026-01-11 17:39:55
21,NALOG1A,19:26:15,True,2026-01-11 17:39:55
21,KRASNZA,19:32:22,True,2026-01-11 17:39:55
21,SHKOLA5A,19:36:30,True,2026-01-11 17:39:55
21,SELHTEH,19:42:38,True,2026-01-11 17:39:55
21,PEREEZD,19:49:45,True,2026-01-11 17:39:55
21,AVTOSTB,20:17:00,True,2026-01-11 17:39:55
21,TEHNIKM,20:20:28,True,2026-01-11 17:39:55
21,KRASNZA,20:31:25,True,2026-01-11 17:39:55
21,SHKOLA5A,20:36:53,True,2026-01-11 17:39:55
21,SELHTEH,20:42:22,True,2026-01-11 17:39:55
21,PEREEZD,20:49:50,True,2026-01-11 17:39:55
21,AVTOSTB,21:13:00,True,2026-01-11 17:39:55
21,TEHNIKM,21:19:14,True,2026-01-11 17:39:55
21,NALOG1A,21:23:29,True,2026-01-11 17:39:55
21,KRASNZA,21:27:44,True,2026-01-11 17:39:55
21,SHKOLA5A,21:34:59,True,2026-01-11 17:39:55
21,SELHTEH,21:41:14,True,2026-01-11 17:39:55
21,PEREEZD,21:47:29,True,2026-01-11 17:39:55
21,AVTOSTB,22:17:00,True,2026-01-11 17:39:55
21,TEHNIKM,22:24:17,True,2026-01-11 17:39:55
21,NALOG1A,22:30:34,True,2026-01-11 17:39:55
21,KRASNZA,22:35:51,True,2026-01-11 17:39:55
21,SHKOLA5A,22:40:09,True,2026-01-11 17:39:55
21,SELHTEH,22:45:26,True,2026-01-11 17:39:55
21,PEREEZD,22:54:43,True,2026-01-11 17:39:55
22,PEREEZB,06:43:00,True,2026-01-11 17:39:55
22,SELHTEB,06:48:33,True,2026-01-11 17:39:55
22,SHKOLA5B,06:52:07,True,2026-01-11 17:39:55
22,KRASNZB,06:58:41,True,2026-01-11 17:39:55
22,NALOG1B,07:02:15,True,2026-01-11 17:39:55
22,TEHNIKB,07:07:49,True,2026-01-11 17:39:55
22,AVTOСТА,07:13:22,True,2026-01-11 17:39:55
22,PEREEZB,07:43:00,True,2026-01-11 17:39:55
22,SELHTEB,07:47:37,True,2026-01-11 17:39:55
22,SHKOLA5B,07:54:14,True,2026-01-11 17:39:55
22,KRASNZB,07:58:51,True,2026-01-11 17:39:55
22,NALOG1B,08:03:28,True,2026-01-11 17:39:55
22,TEHNIKB,08:08:05,True,2026-01-11 17:39:55
22,AVTOСТА,08:15:42,True,2026-01-11 17:39:55
22,PEREEZB,08:13:00,True,2026-01-11 17:39:55
22,SELHTEB,08:17:33,True,2026-01-11 17:39:55
22,SHKOLA5B,08:23:07,True,2026-01-11 17:39:55
22,KRASNZB,08:28:41,True,2026-01-11 17:39:55
22,NALOG1B,08:35:15,True,2026-01-11 17:39:55
22,TEHNIKB,08:39:49,True,2026-01-11 17:39:55
22,AVTOСТА,08:43:23,True,2026-01-11 17:39:55
22,PEREEZB,08:44:00,True,2026-01-11 17:39:55
22,SELHTEB,08:50:26,True,2026-01-11 17:39:55
22,SHKOLA5B,08:56:53,True,2026-01-11 17:39:55
22,KRASNZB,09:02:20,True,2026-01-11 17:39:55
22,NALOG1B,09:07:47,True,2026-01-11 17:39:55
22,TEHNIKB,09:13:14,True,2026-01-11 17:39:55
22,AVTOСТА,09:20:41,True,2026-01-11 17:39:55
22,PEREEZB,09:15:00,True,2026-01-11 17:39:55
22,SELHTEB,09:18:33,True,2026-01-11 17:39:55
22,SHKOLA5B,09:23:06,True,2026-01-11 17:39:55
22,KRASNZB,09:28:40,True,2026-01-11 17:39:55
22,NALOG1B,09:33:13,True,2026-01-11 17:39:55
22,TEHNIKB,09:38:46,True,2026-01-11 17:39:55
22,AVTOСТА,09:42:20,True,2026-01-11 17:39:55
22,PEREEZB,09:47:00,True,2026-01-11 17:39:55
22,SELHTEB,09:53:02,True,2026-01-11 17:39:55
22,SHKOLA5B,09:57:04,True,2026-01-11 17:39:55
22,KRASNZB,10:04:07,True,2026-01-11 17:39:55
22,NALOG1B,10:10:09,True,2026-01-11 17:39:55
22,TEHNIKB,10:15:11,True,2026-01-11 17:39:55
22,AVTOСТА,10:19:14,True,2026-01-11 17:39:55
22,PEREEZB,10:14:00,True,2026-01-11 17:39:55
22,SHKOLA5B,10:24:52,True,2026-01-11 17:39:55
22,KRASNZB,10:31:48,True,2026-01-11 17:39:55
22,NALOG1B,10:38:44,True,2026-01-11 17:39:55
22,TEHNIKB,10:44:41,True,2026-01-11 17:39:55
22,AVTOСТА,10:48:37,True,2026-01-11 17:39:55
22,PEREEZB,11:15:00,True,2026-01-11 17:39:55
22,SELHTEB,11:18:43,True,2026-01-11 17:39:55
22,SHKOLA5B,11:25:26,True,2026-01-11 17:39:55
22,KRASNZB,11:30:09,True,2026-01-11 17:39:55
22,TEHNIKB,11:41:35,True,2026-01-11 17:39:55
22,AVTOСТА,11:45:18,True,2026-01-11 17:39:55
22,PEREEZB,12:15:00,True,2026-01-11 17:39:55
22,SELHTEB,12:22:00,True,2026-01-11 17:39:55
22,SHKOLA5B,12:28:00,True,2026-01-11 17:39:55
22,KRASNZB,12:32:01,True,2026-01-11 17:39:55
22,NALOG1B,12:39:01,True,2026-01-11 17:39:55
22,TEHNIKB,12:44:02,True,2026-01-11 17:39:55
22,AVTOСТА,12:50:02,True,2026-01-11 17:39:55
22,PEREEZB,13:14:00,True,2026-01-11 17:39:55
22,SELHTEB,13:21:16,True,2026-01-11 17:39:55
22,SHKOLA5B,13:27:33,True,2026-01-11 17:39:55
22,KRASNZB,13:31:50,True,2026-01-11 17:39:55
22,TEHNIKB,13:45:24,True,2026-01-11 17:39:55
22,AVTOСТА,13:50:41,True,2026-01-11 17:39:55
22,PEREEZB,14:15:00,True,2026-01-11 17:39:55
22,SELHTEB,14:20:40,True,2026-01-11 17:39:55
22,SHKOLA5B,14:26:21,True,2026-01-11 17:39:55
22,KRASNZB,14:32:02,True,2026-01-11 17:39:55
22,NALOG1B,14:36:43,True,2026-01-11 17:39:55
22,TEHNIKB,14:42:24,True,2026-01-11 17:39:55
22,AVTOСТА,14:48:05,True,2026-01-11 17:39:55
22,PEREEZB,15:13:00,True,2026-01-11 17:39:55
22,SELHTEB,15:17:16,True,2026-01-11 17:39:55
22,SHKOLA5B,15:24:32,True,2026-01-11 17:39:55
22,KRASNZB,15:29:48,True,2026-01-11 17:39:55
22,NALOG1B,15:34:05,True,2026-01-11 17:39:55
22,TEHNIKB,15:38:21,True,2026-01-11 17:39:55
22,AVTOСТА,15:45:37,True,2026-01-11 17:39:55
22,PEREEZB,16:17:00,True,2026-01-11 17:39:55
22,SELHTEB,16:22:17,True,2026-01-11 17:39:55
22,SHKOLA5B,16:25:34,True,2026-01-11 17:39:55
22,KRASNZB,16:30:51,True,2026-01-11 17:39:55
22,NALOG1B,16:37:08,True,2026-01-11 17:39:55
22,TEHNIKB,16:41:25,True,2026-01-11 17:39:55
22,AVTOСТА,16:46:42,True,2026-01-11 17:39:55
22,PEREEZB,16:43:00,True,2026-01-11 17:39:55
22,SELHTEB,16:49:43,True,2026-01-11 17:39:55
22,SHKOLA5B,16:55:27,True,2026-01-11 17:39:55
22,KRASNZB,16:59:11,True,2026-01-11 17:39:55
22,NALOG1B,17:02:54,True,2026-01-11 17:39:55
22,TEHNIKB,17:07:38,True,2026-01-11 17:39:55
22,AVTOСТА,17:13:22,True,2026-01-11 17:39:55
22,PEREEZB,17:16:00,True,2026-01-11 17:39:55
22,SELHTEB,17:19:12,True,2026-01-11 17:39:55
22,SHKOLA5B,17:22:25,True,2026-01-11 17:39:55
22,KRASNZB,17:26:38,True,2026-01-11 17:39:55
22,NALOG1B,17:30:51,True,2026-01-11 17:39:55
22,TEHNIKB,17:36:04,True,2026-01-11 17:39:55
22,AVTOСТА,17:41:17,True,2026-01-11 17:39:55
22,PEREEZB,17:45:00,True,2026-01-11 17:39:55
22,SELHTEB,17:52:27,True,2026-01-11 17:39:55
22,SHKOLA5B,17:59:54,True,2026-01-11 17:39:55
22,KRASNZB,18:04:22,True,2026-01-11 17:39:55
22,TEHNIKB,18:18:17,True,2026-01-11 17:39:55
22,AVTOСТА,18:23:44,True,2026-01-11 17:39:55
22,SELHTEB,18:21:27,True,2026-01-11 17:39:55
22,SHKOLA5B,18:25:55,True,2026-01-11 17:39:55
22,KRASNZB,18:33:23,True,2026-01-11 17:39:55
22,NALOG1B,18:39:51,True,2026-01-11 17:39:55
22,TEHNIKB,18:47:18,True,2026-01-11 17:39:55
22,AVTOСТА,18:52:46,True,2026-01-11 17:39:55
22,PEREEZB,18:45:00,True,2026-01-11 17:39:55
22,SELHTEB,18:51:33,True,2026-01-11 17:39:55
22,SHKOLA5B,18:56:06,True,2026-01-11 17:39:55
22,KRASNZB,19:00:39,True,2026-01-11 17:39:55
22,NALOG1B,19:07:12,True,2026-01-11 17:39:55
22,TEHNIKB,19:13:45,True,2026-01-11 17:39:55
22,AVTOСТА,19:18:19,True,2026-01-11 17:39:55
22,PEREEZB,19:15:00,True,2026-01-11 17:39:55
22,SELHTEB,19:20:24,True,2026-01-11 17:39:55
22,SHKOLA5B,19:23:48,True,2026-01-11 17:39:55
22,KRASNZB,19:30:12,True,2026-01-11 17:39:55
22,NALOG1B,19:33:36,True,2026-01-11 17:39:55
22,TEHNIKB,19:39:00,True,2026-01-11 17:39:55
22,AVTOСТА,19:43:24,True,2026-01-11 17:39:55
22,PEREEZB,20:15:00,True,2026-01-11 17:39:55
22,SELHTEB,20:21:58,True,2026-01-11 17:39:55
22,SHKOLA5B,20:27:56,True,2026-01-11 17:39:55
22,KRASNZB,20:33:54,True,2026-01-11 17:39:55
22,NALOG1B,20:40:52,True,2026-01-11 17:39:55
22,TEHNIKB,20:45:50,True,2026-01-11 17:39:55
22,AVTOСТА,20:50:48,True,2026-01-11 17:39:55
22,PEREEZB,21:14:00,True,2026-01-11 17:39:55
22,SELHTEB,21:17:13,True,2026-01-11 17:39:55
22,SHKOLA5B,21:22:27,True,2026-01-11 17:39:55
22,NALOG1B,21:34:55,True,2026-01-11 17:39:55
22,TEHNIKB,21:38:09,True,2026-01-11 17:39:55
22,AVTOСТА,21:44:22,True,2026-01-11 17:39:55
22,PEREEZB,22:17:00,True,2026-01-11 17:39:55
22,SELHTEB,22:21:24,True,2026-01-11 17:39:55
22,SHKOLA5B,22:28:48,True,2026-01-11 17:39:55
22,KRASNZB,22:34:13,True,2026-01-11 17:39:55
22,NALOG1B,22:38:37,True,2026-01-11 17:39:55
22,TEHNIKB,22:46:01,True,2026-01-11 17:39:55
31,AVTOSTC,06:21:00,True,2026-01-11 17:39:55
31,ZAVOD1A,06:27:47,True,2026-01-11 17:39:55
31,STADIONA,06:34:35,True,2026-01-11 17:39:55
31,ZHENMONA,06:38:22,True,2026-01-11 17:39:55
31,TOYMENA,06:45:10,True,2026-01-11 17:39:55
31,PEREEZD,06:52:57,True,2026-01-11 17:39:55
31,AVTOSTC,08:19:00,True,2026-01-11 17:39:55
31,ZAVOD1A,08:26:31,True,2026-01-11 17:39:55
31,STADIONA,08:32:02,True,2026-01-11 17:39:55
31,ZHENMONA,08:36:33,True,2026-01-11 17:39:55
31,TOYMENA,08:41:04,True,2026-01-11 17:39:55
31,PEREEZD,08:49:35,True,2026-01-11 17:39:55
31,AVTOSTC,09:52:00,True,2026-01-11 17:39:55
31,ZAVOD1A,09:59:36,True,2026-01-11 17:39:55
31,STADIONA,10:04:12,True,2026-01-11 17:39:55
31,ZHENMONA,10:11:48,True,2026-01-11 17:39:55
31,PEREEZD,10:27:00,True,2026-01-11 17:39:55
31,AVTOSTC,11:20:00,True,2026-01-11 17:39:55
31,ZAVOD1A,11:27:15,True,2026-01-11 17:39:55
31,STADIONA,11:32:31,True,2026-01-11 17:39:55
31,ZHENMONA,11:36:47,True,2026-01-11 17:39:55
31,TOYMENA,11:43:03,True,2026-01-11 17:39:55
31,PEREEZD,11:52:19,True,2026-01-11 17:39:55
31,AVTOSTC,13:22:00,True,2026-01-11 17:39:55
31,ZAVOD1A,13:28:07,True,2026-01-11 17:39:55
31,STADIONA,13:35:14,True,2026-01-11 17:39:55
31,ZHENMONA,13:42:21,True,2026-01-11 17:39:55
31,TOYMENA,13:49:28,True,2026-01-11 17:39:55
31,PEREEZD,13:58:35,True,2026-01-11 17:39:55
31,AVTOSTC,15:21:00,True,2026-01-11 17:39:55
31,STADIONA,15:31:48,True,2026-01-11 17:39:55
31,ZHENMONA,15:36:43,True,2026-01-11 17:39:55
31,TOYMENA,15:42:37,True,2026-01-11 17:39:55
31,PEREEZD,15:50:31,True,2026-01-11 17:39:55
31,AVTOSTC,17:19:00,True,2026-01-11 17:39:55
31,ZAVOD1A,17:24:15,True,2026-01-11 17:39:55
31,STADIONA,17:29:31,True,2026-01-11 17:39:55
31,ZHENMONA,17:35:46,True,2026-01-11 17:39:55
31,TOYMENA,17:40:02,True,2026-01-11 17:39:55
31,PEREEZD,17:48:17,True,2026-01-11 17:39:55
31,AVTOSTC,18:52:00,True,2026-01-11 17:39:55
31,ZAVOD1A,18:56:26,True,2026-01-11 17:39:55
31,STADIONA,19:02:53,True,2026-01-11 17:39:55
31,ZHENMONA,19:09:20,True,2026-01-11 17:39:55
31,TOYMENA,19:12:47,True,2026-01-11 17:39:55
31,PEREEZD,19:21:14,True,2026-01-11 17:39:55
31,AVTOSTC,20:19:00,True,2026-01-11 17:39:55
31,ZAVOD1A,20:25:17,True,2026-01-11 17:39:55
31,STADIONA,20:31:34,True,2026-01-11 17:39:55
31,ZHENMONA,20:35:51,True,2026-01-11 17:39:55
31,TOYMENA,20:42:08,True,2026-01-11 17:39:55
31,PEREEZD,20:47:25,True,2026-01-11 17:39:55
31,AVTOSTC,22:18:00,True,2026-01-11 17:39:55
31,ZAVOD1A,22:24:53,True,2026-01-11 17:39:55
31,STADIONA,22:28:46,True,2026-01-11 17:39:55
31,TOYMENA,22:36:33,True,2026-01-11 17:39:55
31,PEREEZD,22:43:26,True,2026-01-11 17:39:55
32,PEREEZB,06:49:00,True,2026-01-11 17:39:55
32,TOYMENB,06:55:26,True,2026-01-11 17:39:55
32,ZHENMONB,07:01:52,True,2026-01-11 17:39:55
32,STADIONB,07:05:18,True,2026-01-11 17:39:55
32,ZAVOD1B,07:10:44,True,2026-01-11 17:39:55
32,AVTOСТА,07:14:10,True,2026-01-11 17:39:55
32,PEREEZB,08:50:00,True,2026-01-11 17:39:55
32,TOYMENB,08:54:32,True,2026-01-11 17:39:55
32,ZHENMONB,09:00:04,True,2026-01-11 17:39:55
32,STADIONB,09:05:36,True,2026-01-11 17:39:55
32,ZAVOD1B,09:12:08,True,2026-01-11 17:39:55
32,AVTOСТА,09:19:41,True,2026-01-11 17:39:55
32,PEREEZB,10:21:00,True,2026-01-11 17:39:55
32,TOYMENB,10:26:38,True,2026-01-11 17:39:55
32,ZHENMONB,10:32:16,True,2026-01-11 17:39:55
32,ZAVOD1B,10:42:32,True,2026-01-11 17:39:55
32,AVTOСТА,10:46:11,True,2026-01-11 17:39:55
32,PEREEZB,12:21:00,True,2026-01-11 17:39:55
32,TOYMENB,12:24:40,True,2026-01-11 17:39:55
32,ZHENMONB,12:29:21,True,2026-01-11 17:39:55
32,STADIONB,12:34:02,True,2026-01-11 17:39:55
32,ZAVOD1B,12:39:43,True,2026-01-11 17:39:55
32,AVTOСТА,12:44:24,True,2026-01-11 17:39:55
32,PEREEZB,14:21:00,True,2026-01-11 17:39:55
32,TOYMENB,14:27:53,True,2026-01-11 17:39:55
32,ZHENMONB,14:32:47,True,2026-01-11 17:39:55
32,STADIONB,14:36:40,True,2026-01-11 17:39:55
32,ZAVOD1B,14:43:34,True,2026-01-11 17:39:55
32,AVTOСТА,14:47:27,True,2026-01-11 17:39:55
32,PEREEZB,16:22:00,True,2026-01-11 17:39:55
32,ZHENMONB,16:32:04,True,2026-01-11 17:39:55
32,STADIONB,16:39:06,True,2026-01-11 17:39:55
32,ZAVOD1B,16:43:08,True,2026-01-11 17:39:55
32,AVTOСТА,16:50:10,True,2026-01-11 17:39:55
32,PEREEZB,17:48:00,True,2026-01-11 17:39:55
32,TOYMENB,17:52:32,True,2026-01-11 17:39:55
32,STADIONB,18:04:38,True,2026-01-11 17:39:55
32,ZAVOD1B,18:10:10,True,2026-01-11 17:39:55
32,AVTOСТА,18:14:43,True,2026-01-11 17:39:55
32,PEREEZB,19:19:00,True,2026-01-11 17:39:55
32,TOYMENB,19:25:39,True,2026-01-11 17:39:55
32,ZHENMONB,19:29:18,True,2026-01-11 17:39:55
32,STADIONB,19:34:57,True,2026-01-11 17:39:55
32,ZAVOD1B,19:40:36,True,2026-01-11 17:39:55
32,AVTOСТА,19:47:16,True,2026-01-11 17:39:55
32,PEREEZB,21:19:00,True,2026-01-11 17:39:55
32,TOYMENB,21:25:09,True,2026-01-11 17:39:55
32,ZHENMONB,21:30:18,True,2026-01-11 17:39:55
32,STADIONB,21:35:27,True,2026-01-11 17:39:55
32,ZAVOD1B,21:41:36,True,2026-01-11 17:39:55
32,AVTOСТА,21:47:45,True,2026-01-11 17:39:55
41,AVTOСТА,06:27:00,True,2026-01-11 17:39:55
41,TSENMIC,06:34:19,True,2026-01-11 17:39:55
41,BIBLIOT,06:40:38,True,2026-01-11 17:39:55
41,YUBIL1A,06:45:57,True,2026-01-11 17:39:55
41,KRASNZA,06:50:16,True,2026-01-11 17:39:55
41,TOYMENB,06:56:35,True,2026-01-11 17:39:55
41,PEREEZD,07:02:54,True,2026-01-11 17:39:55
41,TSENMIC,07:28:47,True,2026-01-11 17:39:55
41,BIBLIOT,07:32:35,True,2026-01-11 17:39:55
41,YUBIL1A,07:37:23,True,2026-01-11 17:39:55
41,KRASNZA,07:42:11,True,2026-01-11 17:39:55
41,TOYMENB,07:47:59,True,2026-01-11 17:39:55
41,PEREEZD,07:56:46,True,2026-01-11 17:39:55
41,AVTOСТА,07:55:00,True,2026-01-11 17:39:55
41,TSENMIC,08:01:46,True,2026-01-11 17:39:55
41,BIBLIOT,08:07:33,True,2026-01-11 17:39:55
41,YUBIL1A,08:11:20,True,2026-01-11 17:39:55
41,KRASNZA,08:16:07,True,2026-01-11 17:39:55
41,TOYMENB,08:22:53,True,2026-01-11 17:39:55
41,PEREEZD,08:31:40,True,2026-01-11 17:39:55
41,AVTOСТА,08:24:00,True,2026-01-11 17:39:55
41,TSENMIC,08:29:38,True,2026-01-11 17:39:55
41,BIBLIOT,08:37:16,True,2026-01-11 17:39:55
41,YUBIL1A,08:44:54,True,2026-01-11 17:39:55
41,KRASNZA,08:52:33,True,2026-01-11 17:39:55
41,TOYMENB,08:59:11,True,2026-01-11 17:39:55
41,PEREEZD,09:06:49,True,2026-01-11 17:39:55
41,AVTOСТА,08:56:00,True,2026-01-11 17:39:55
41,TSENMIC,09:03:26,True,2026-01-11 17:39:55
41,BIBLIOT,09:09:53,True,2026-01-11 17:39:55
41,YUBIL1A,09:15:20,True,2026-01-11 17:39:55
41,KRASNZA,09:20:47,True,2026-01-11 17:39:55
41,AVTOСТА,09:27:00,True,2026-01-11 17:39:55
41,TSENMIC,09:31:30,True,2026-01-11 17:39:55
41,BIBLIOT,09:39:01,True,2026-01-11 17:39:55
41,YUBIL1A,09:43:32,True,2026-01-11 17:39:55
41,KRASNZA,09:50:03,True,2026-01-11 17:39:55
41,TOYMENB,09:56:34,True,2026-01-11 17:39:55
41,PEREEZD,10:04:05,True,2026-01-11 17:39:55
41,TSENMIC,09:57:44,True,2026-01-11 17:39:55
41,BIBLIOT,10:02:29,True,2026-01-11 17:39:55
41,YUBIL1A,10:08:13,True,2026-01-11 17:39:55
41,KRASNZA,10:15:58,True,2026-01-11 17:39:55
41,TOYMENB,10:23:42,True,2026-01-11 17:39:55
41,PEREEZD,10:30:27,True,2026-01-11 17:39:55
41,AVTOСТА,10:26:00,True,2026-01-11 17:39:55
41,TSENMIC,10:32:16,True,2026-01-11 17:39:55
41,BIBLIOT,10:36:33,True,2026-01-11 17:39:55
41,YUBIL1A,10:43:50,True,2026-01-11 17:39:55
41,KRASNZA,10:50:07,True,2026-01-11 17:39:55
41,TOYMENB,10:54:24,True,2026-01-11 17:39:55
41,PEREEZD,11:00:41,True,2026-01-11 17:39:55
41,AVTOСТА,11:25:00,True,2026-01-11 17:39:55
41,TSENMIC,11:29:57,True,2026-01-11 17:39:55
41,BIBLIOT,11:34:54,True,2026-01-11 17:39:55
41,YUBIL1A,11:38:51,True,2026-01-11 17:39:55
41,KRASNZA,11:44:49,True,2026-01-11 17:39:55
41,TOYMENB,11:50:46,True,2026-01-11 17:39:55
41,AVTOСТА,12:23:00,True,2026-01-11 17:39:55
41,TSENMIC,12:27:56,True,2026-01-11 17:39:55
41,BIBLIOT,12:31:52,True,2026-01-11 17:39:55
41,YUBIL1A,12:37:48,True,2026-01-11 17:39:55
41,KRASNZA,12:43:45,True,2026-01-11 17:39:55
41,TOYMENB,12:49:41,True,2026-01-11 17:39:55
41,PEREEZD,12:57:37,True,2026-01-11 17:39:55
41,AVTOСТА,13:26:00,True,2026-01-11 17:39:55
41,TSENMIC,13:31:05,True,2026-01-11 17:39:55
41,BIBLIOT,13:36:10,True,2026-01-11 17:39:55
41,YUBIL1A,13:40:16,True,2026-01-11 17:39:55
41,KRASNZA,13:46:21,True,2026-01-11 17:39:55
41,TOYMENB,13:53:27,True,2026-01-11 17:39:55
41,PEREEZD,14:00:32,True,2026-01-11 17:39:55
41,AVTOСТА,14:27:00,True,2026-01-11 17:39:55
41,TSENMIC,14:32:39,True,2026-01-11 17:39:55
41,BIBLIOT,14:36:18,True,2026-01-11 17:39:55
41,YUBIL1A,14:39:57,True,2026-01-11 17:39:55
41,KRASNZA,14:44:36,True,2026-01-11 17:39:55
41,TOYMENB,14:48:15,True,2026-01-11 17:39:55
41,PEREEZD,14:53:54,True,2026-01-11 17:39:55
41,AVTOСТА,15:23:00,True,2026-01-11 17:39:55
41,TSENMIC,15:30:15,True,2026-01-11 17:39:55
41,BIBLIOT,15:36:30,True,2026-01-11 17:39:55
41,YUBIL1A,15:42:45,True,2026-01-11 17:39:55
41,KRASNZA,15:48:00,True,2026-01-11 17:39:55
41,TOYMENB,15:54:15,True,2026-01-11 17:39:55
41,PEREEZD,16:02:30,True,2026-01-11 17:39:55
41,AVTOСТА,16:25:00,True,2026-01-11 17:39:55
41,TSENMIC,16:31:35,True,2026-01-11 17:39:55
41,BIBLIOT,16:37:11,True,2026-01-11 17:39:55
41,YUBIL1A,16:44:46,True,2026-01-11 17:39:55
41,KRASNZA,16:52:22,True,2026-01-11 17:39:55
41,TOYMENB,16:58:57,True,2026-01-11 17:39:55
41,PEREEZD,17:08:33,True,2026-01-11 17:39:55
41,AVTOСТА,16:55:00,True,2026-01-11 17:39:55
41,TSENMIC,17:00:00,True,2026-01-11 17:39:55
41,YUBIL1A,17:11:01,True,2026-01-11 17:39:55
41,KRASNZA,17:17:02,True,2026-01-11 17:39:55
41,TOYMENB,17:23:02,True,2026-01-11 17:39:55
41,PEREEZD,17:31:03,True,2026-01-11 17:39:55
41,AVTOСТА,17:26:00,True,2026-01-11 17:39:55
41,TSENMIC,17:32:13,True,2026-01-11 17:39:55
41,BIBLIOT,17:37:27,True,2026-01-11 17:39:55
41,YUBIL1A,17:41:41,True,2026-01-11 17:39:55
41,KRASNZA,17:45:54,True,2026-01-11 17:39:55
41,TOYMENB,17:52:08,True,2026-01-11 17:39:55
41,PEREEZD,18:01:22,True,2026-01-11 17:39:55
41,AVTOСТА,17:54:00,True,2026-01-11 17:39:55
41,TSENMIC,17:59:55,True,2026-01-11 17:39:55
41,BIBLIOT,18:03:50,True,2026-01-11 17:39:55
41,YUBIL1A,18:07:45,True,2026-01-11 17:39:55
41,KRASNZA,18:13:40,True,2026-01-11 17:39:55
41,TOYMENB,18:20:36,True,2026-01-11 17:39:55
41,PEREEZD,18:28:31,True,2026-01-11 17:39:55
41,AVTOСТА,18:26:00,True,2026-01-11 17:39:55
41,TSENMIC,18:32:12,True,2026-01-11 17:39:55
41,BIBLIOT,18:38:24,True,2026-01-11 17:39:55
41,YUBIL1A,18:44:36,True,2026-01-11 17:39:55
41,KRASNZA,18:48:49,True,2026-01-11 17:39:55
41,TOYMENB,18:53:01,True,2026-01-11 17:39:55
41,PEREEZD,18:59:13,True,2026-01-11 17:39:55
41,AVTOСТА,18:56:00,True,2026-01-11 17:39:55
41,BIBLIOT,19:04:39,True,2026-01-11 17:39:55
41,YUBIL1A,19:10:58,True,2026-01-11 17:39:55
41,KRASNZA,19:15:18,True,2026-01-11 17:39:55
41,TOYMENB,19:18:37,True,2026-01-11 17:39:55
41,PEREEZD,19:25:57,True,2026-01-11 17:39:55
41,AVTOСТА,19:24:00,True,2026-01-11 17:39:55
41,TSENMIC,19:30:32,True,2026-01-11 17:39:55
41,BIBLIOT,19:36:04,True,2026-01-11 17:39:55
41,YUBIL1A,19:43:37,True,2026-01-11 17:39:55
41,KRASNZA,19:48:09,True,2026-01-11 17:39:55
41,TOYMENB,19:55:42,True,2026-01-11 17:39:55
41,PEREEZD,20:03:14,True,2026-01-11 17:39:55
41,AVTOСТА,20:27:00,True,2026-01-11 17:39:55
41,TSENMIC,20:34:26,True,2026-01-11 17:39:55
41,BIBLIOT,20:38:53,True,2026-01-11 17:39:55
41,YUBIL1A,20:46:20,True,2026-01-11 17:39:55
41,KRASNZA,20:53:47,True,2026-01-11 17:39:55
41,TOYMENB,20:59:13,True,2026-01-11 17:39:55
41,PEREEZD,21:08:40,True,2026-01-11 17:39:55
41,AVTOСТА,21:26:00,True,2026-01-11 17:39:55
41,TSENMIC,21:32:34,True,2026-01-11 17:39:55
41,BIBLIOT,21:38:08,True,2026-01-11 17:39:55
41,YUBIL1A,21:42:42,True,2026-01-11 17:39:55
41,KRASNZA,21:47:16,True,2026-01-11 17:39:55
41,TOYMENB,21:52:50,True,2026-01-11 17:39:55
41,PEREEZD,21:59:25,True,2026-01-11 17:39:55
41,AVTOСТА,22:24:00,True,2026-01-11 17:39:55
41,TSENMIC,22:28:09,True,2026-01-11 17:39:55
41,BIBLIOT,22:34:18,True,2026-01-11 17:39:55
41,YUBIL1A,22:38:27,True,2026-01-11 17:39:55
41,KRASNZA,22:45:36,True,2026-01-11 17:39:55
41,TOYMENB,22:52:45,True,2026-01-11 17:39:55
41,PEREEZD,23:01:54,True,2026-01-11 17:39:55
42,PEREEZB,06:56:00,True,2026-01-11 17:39:55
42,TOYMENA,07:02:53,True,2026-01-11 17:39:55
42,KRASNZB,07:08:46,True,2026-01-11 17:39:55
42,YUBIL1B,07:14:40,True,2026-01-11 17:39:55
42,AVTOSTB,07:28:20,True,2026-01-11 17:39:55
42,PEREEZB,07:54:00,True,2026-01-11 17:39:55
42,TOYMENA,08:00:53,True,2026-01-11 17:39:55
42,KRASNZB,08:05:47,True,2026-01-11 17:39:55
42,YUBIL1B,08:09:41,True,2026-01-11 17:39:55
42,BIBLIOB,08:16:34,True,2026-01-11 17:39:55
42,TSENMIC,08:20:28,True,2026-01-11 17:39:55
42,AVTOSTB,08:27:22,True,2026-01-11 17:39:55
42,PEREEZB,08:26:00,True,2026-01-11 17:39:55
42,TOYMENA,08:33:12,True,2026-01-11 17:39:55
42,KRASNZB,08:39:25,True,2026-01-11 17:39:55
42,YUBIL1B,08:45:37,True,2026-01-11 17:39:55
42,BIBLIOB,08:51:50,True,2026-01-11 17:39:55
42,TSENMIC,08:56:02,True,2026-01-11 17:39:55
42,AVTOSTB,09:01:15,True,2026-01-11 17:39:55
42,PEREEZB,08:57:00,True,2026-01-11 17:39:55
42,TOYMENA,09:01:05,True,2026-01-11 17:39:55
42,KRASNZB,09:07:11,True,2026-01-11 17:39:55
42,YUBIL1B,09:12:16,True,2026-01-11 17:39:55
42,BIBLIOB,09:17:22,True,2026-01-11 17:39:55
42,TSENMIC,09:21:28,True,2026-01-11 17:39:55
42,AVTOSTB,09:26:33,True,2026-01-11 17:39:55
42,PEREEZB,09:27:00,True,2026-01-11 17:39:55
42,TOYMENA,09:33:46,True,2026-01-11 17:39:55
42,KRASNZB,09:40:33,True,2026-01-11 17:39:55
42,YUBIL1B,09:45:19,True,2026-01-11 17:39:55
42,BIBLIOB,09:50:06,True,2026-01-11 17:39:55
42,TSENMIC,09:54:52,True,2026-01-11 17:39:55
42,AVTOSTB,09:59:39,True,2026-01-11 17:39:55
42,PEREEZB,09:55:00,True,2026-01-11 17:39:55
42,TOYMENA,10:02:08,True,2026-01-11 17:39:55
42,KRASNZB,10:06:17,True,2026-01-11 17:39:55
42,YUBIL1B,10:10:26,True,2026-01-11 17:39:55
42,BIBLIOB,10:16:35,True,2026-01-11 17:39:55
42,TSENMIC,10:23:44,True,2026-01-11 17:39:55
42,AVTOSTB,10:28:52,True,2026-01-11 17:39:55
42,PEREEZB,10:26:00,True,2026-01-11 17:39:55
42,TOYMENA,10:31:25,True,2026-01-11 17:39:55
42,KRASNZB,10:37:50,True,2026-01-11 17:39:55
42,YUBIL1B,10:43:15,True,2026-01-11 17:39:55
42,BIBLIOB,10:48:40,True,2026-01-11 17:39:55
42,TSENMIC,10:55:06,True,2026-01-11 17:39:55
42,AVTOSTB,10:59:31,True,2026-01-11 17:39:55
42,PEREEZB,11:23:00,True,2026-01-11 17:39:55
42,TOYMENA,11:30:39,True,2026-01-11 17:39:55
42,KRASNZB,11:37:19,True,2026-01-11 17:39:55
42,YUBIL1B,11:42:58,True,2026-01-11 17:39:55
42,BIBLIOB,11:50:38,True,2026-01-11 17:39:55
42,TSENMIC,11:56:18,True,2026-01-11 17:39:55
42,AVTOSTB,12:02:57,True,2026-01-11 17:39:55
42,PEREEZB,12:24:00,True,2026-01-11 17:39:55
42,TOYMENA,12:29:21,True,2026-01-11 17:39:55
42,KRASNZB,12:33:43,True,2026-01-11 17:39:55
42,YUBIL1B,12:38:04,True,2026-01-11 17:39:55
42,BIBLIOB,12:42:26,True,2026-01-11 17:39:55
42,TSENMIC,12:45:48,True,2026-01-11 17:39:55
42,AVTOSTB,12:50:09,True,2026-01-11 17:39:55
42,PEREEZB,13:24:00,True,2026-01-11 17:39:55
42,TOYMENA,13:27:57,True,2026-01-11 17:39:55
42,KRASNZB,13:33:54,True,2026-01-11 17:39:55
42,YUBIL1B,13:40:51,True,2026-01-11 17:39:55
42,BIBLIOB,13:44:48,True,2026-01-11 17:39:55
42,TSENMIC,13:50:46,True,2026-01-11 17:39:55
42,AVTOSTB,13:54:43,True,2026-01-11 17:39:55
42,PEREEZB,14:23:00,True,2026-01-11 17:39:55
42,TOYMENA,14:28:20,True,2026-01-11 17:39:55
42,KRASNZB,14:33:41,True,2026-01-11 17:39:55
42,YUBIL1B,14:39:01,True,2026-01-11 17:39:55
42,BIBLIOB,14:43:22,True,2026-01-11 17:39:55
42,TSENMIC,14:49:42,True,2026-01-11 17:39:55
42,AVTOSTB,14:55:03,True,2026-01-11 17:39:55
42,PEREEZB,15:25:00,True,2026-01-11 17:39:55
42,TOYMENA,15:30:25,True,2026-01-11 17:39:55
42,YUBIL1B,15:39:16,True,2026-01-11 17:39:55
42,TSENMIC,15:51:07,True,2026-01-11 17:39:55
42,AVTOSTB,15:56:33,True,2026-01-11 17:39:55
42,PEREEZB,16:26:00,True,2026-01-11 17:39:55
42,TOYMENA,16:32:48,True,2026-01-11 17:39:55
42,KRASNZB,16:39:37,True,2026-01-11 17:39:55
42,YUBIL1B,16:43:26,True,2026-01-11 17:39:55
42,BIBLIOB,16:49:15,True,2026-01-11 17:39:55
42,TSENMIC,16:55:04,True,2026-01-11 17:39:55
42,AVTOSTB,16:58:53,True,2026-01-11 17:39:55
42,PEREEZB,16:54:00,True,2026-01-11 17:39:55
42,TOYMENA,17:01:03,True,2026-01-11 17:39:55
42,KRASNZB,17:07:07,True,2026-01-11 17:39:55
42,YUBIL1B,17:13:11,True,2026-01-11 17:39:55
42,BIBLIOB,17:20:15,True,2026-01-11 17:39:55
42,TSENMIC,17:24:19,True,2026-01-11 17:39:55
42,AVTOSTB,17:30:23,True,2026-01-11 17:39:55
42,PEREEZB,17:26:00,True,2026-01-11 17:39:55
42,TOYMENA,17:31:42,True,2026-01-11 17:39:55
42,KRASNZB,17:36:25,True,2026-01-11 17:39:55
42,YUBIL1B,17:41:07,True,2026-01-11 17:39:55
42,BIBLIOB,17:45:50,True,2026-01-11 17:39:55
42,TSENMIC,17:50:32,True,2026-01-11 17:39:55
42,AVTOSTB,17:56:15,True,2026-01-11 17:39:55
42,PEREEZB,17:55:00,True,2026-01-11 17:39:55
42,TOYMENA,18:01:17,True,2026-01-11 17:39:55
42,KRASNZB,18:06:35,True,2026-01-11 17:39:55
42,YUBIL1B,18:09:53,True,2026-01-11 17:39:55
42,BIBLIOB,18:14:11,True,2026-01-11 17:39:55
42,TSENMIC,18:19:28,True,2026-01-11 17:39:55
42,AVTOSTB,18:25:46,True,2026-01-11 17:39:55
42,PEREEZB,18:27:00,True,2026-01-11 17:39:55
42,TOYMENA,18:32:16,True,2026-01-11 17:39:55
42,KRASNZB,18:35:33,True,2026-01-11 17:39:55
42,YUBIL1B,18:40:50,True,2026-01-11 17:39:55
42,BIBLIOB,18:45:06,True,2026-01-11 17:39:55
42,TSENMIC,18:50:23,True,2026-01-11 17:39:55
42,AVTOSTB,18:56:40,True,2026-01-11 17:39:55
42,PEREEZB,18:56:00,True,2026-01-11 17:39:55
42,TOYMENA,19:01:57,True,2026-01-11 17:39:55
42,KRASNZB,19:05:55,True,2026-01-11 17:39:55
42,YUBIL1B,19:09:53,True,2026-01-11 17:39:55
42,BIBLIOB,19:14:51,True,2026-01-11 17:39:55
42,TSENMIC,19:19:49,True,2026-01-11 17:39:55
42,AVTOSTB,19:25:47,True,2026-01-11 17:39:55
42,PEREEZB,19:25:00,True,2026-01-11 17:39:55
42,TOYMENA,19:32:17,True,2026-01-11 17:39:55
42,KRASNZB,19:39:34,True,2026-01-11 17:39:55
42,YUBIL1B,19:43:51,True,2026-01-11 17:39:55
42,BIBLIOB,19:49:09,True,2026-01-11 17:39:55
42,TSENMIC,19:54:26,True,2026-01-11 17:39:55
42,PEREEZB,20:26:00,True,2026-01-11 17:39:55
42,TOYMENA,20:29:17,True,2026-01-11 17:39:55
42,KRASNZB,20:32:34,True,2026-01-11 17:39:55
42,YUBIL1B,20:38:51,True,2026-01-11 17:39:55
42,BIBLIOB,20:45:08,True,2026-01-11 17:39:55
42,TSENMIC,20:50:25,True,2026-01-11 17:39:55
42,AVTOSTB,20:55:42,True,2026-01-11 17:39:55
42,PEREEZB,21:27:00,True,2026-01-11 17:39:55
42,TOYMENA,21:31:42,True,2026-01-11 17:39:55
42,KRASNZB,21:39:24,True,2026-01-11 17:39:55
42,YUBIL1B,21:46:07,True,2026-01-11 17:39:55
42,BIBLIOB,21:52:49,True,2026-01-11 17:39:55
42,TSENMIC,21:57:32,True,2026-01-11 17:39:55
42,AVTOSTB,22:02:14,True,2026-01-11 17:39:55
42,PEREEZB,22:26:00,True,2026-01-11 17:39:55
42,TOYMENA,22:32:12,True,2026-01-11 17:39:55
42,KRASNZB,22:38:24,True,2026-01-11 17:39:55
42,YUBIL1B,22:43:36,True,2026-01-11 17:39:55
42,BIBLIOB,22:47:48,True,2026-01-11 17:39:55
42,TSENMIC,22:51:00,True,2026-01-11 17:39:55
42,AVTOSTB,22:56:12,True,2026-01-11 17:39:55
51,AVTOSTB,06:38:00,True,2026-01-11 17:39:55
51,MUZEY1A,06:43:39,True,2026-01-11 17:39:55
51,NABERA1,06:49:19,True,2026-01-11 17:39:55
51,SHKISKUA,06:52:58,True,2026-01-11 17:39:55
51,POCHTA5B,06:58:38,True,2026-01-11 17:39:55
51,TOYMENA,07:05:17,True,2026-01-11 17:39:55
51,PEREEZD,07:12:57,True,2026-01-11 17:39:55
51,MUZEY1A,08:16:05,True,2026-01-11 17:39:55
51,NABERA1,08:20:11,True,2026-01-11 17:39:55
51,SHKISKUA,08:25:17,True,2026-01-11 17:39:55
51,POCHTA5B,08:31:23,True,2026-01-11 17:39:55
51,TOYMENA,08:35:28,True,2026-01-11 17:39:55
51,PEREEZD,08:44:34,True,2026-01-11 17:39:55
51,MUZEY1A,09:14:53,True,2026-01-11 17:39:55
51,NABERA1,09:21:47,True,2026-01-11 17:39:55
51,SHKISKUA,09:28:40,True,2026-01-11 17:39:55
51,POCHTA5B,09:33:34,True,2026-01-11 17:39:55
51,TOYMENA,09:38:27,True,2026-01-11 17:39:55
51,PEREEZD,09:46:21,True,2026-01-11 17:39:55
51,AVTOSTB,10:09:00,True,2026-01-11 17:39:55
51,MUZEY1A,10:14:14,True,2026-01-11 17:39:55
51,NABERA1,10:18:29,True,2026-01-11 17:39:55
51,SHKISKUA,10:23:43,True,2026-01-11 17:39:55
51,POCHTA5B,10:29:58,True,2026-01-11 17:39:55
51,TOYMENA,10:37:12,True,2026-01-11 17:39:55
51,PEREEZD,10:44:27,True,2026-01-11 17:39:55
51,AVTOSTB,11:39:00,True,2026-01-11 17:39:55
51,MUZEY1A,11:44:32,True,2026-01-11 17:39:55
51,NABERA1,11:49:04,True,2026-01-11 17:39:55
51,SHKISKUA,11:52:37,True,2026-01-11 17:39:55
51,POCHTA5B,11:58:09,True,2026-01-11 17:39:55
51,TOYMENA,12:01:42,True,2026-01-11 17:39:55
51,PEREEZD,12:08:14,True,2026-01-11 17:39:55
51,AVTOSTB,13:11:00,True,2026-01-11 17:39:55
51,MUZEY1A,13:17:32,True,2026-01-11 17:39:55
51,NABERA1,13:25:04,True,2026-01-11 17:39:55
51,SHKISKUA,13:29:36,True,2026-01-11 17:39:55
51,POCHTA5B,13:34:08,True,2026-01-11 17:39:55
51,TOYMENA,13:39:41,True,2026-01-11 17:39:55
51,PEREEZD,13:46:13,True,2026-01-11 17:39:55
51,AVTOSTB,14:41:00,True,2026-01-11 17:39:55
51,MUZEY1A,14:45:01,True,2026-01-11 17:39:55
51,NABERA1,14:51:02,True,2026-01-11 17:39:55
51,SHKISKUA,14:56:03,True,2026-01-11 17:39:55
51,POCHTA5B,15:02:05,True,2026-01-11 17:39:55
51,TOYMENA,15:06:06,True,2026-01-11 17:39:55
51,PEREEZD,15:15:07,True,2026-01-11 17:39:55
51,MUZEY1A,16:13:37,True,2026-01-11 17:39:55
51,NABERA1,16:19:14,True,2026-01-11 17:39:55
51,SHKISKUA,16:24:51,True,2026-01-11 17:39:55
51,POCHTA5B,16:31:28,True,2026-01-11 17:39:55
51,TOYMENA,16:39:05,True,2026-01-11 17:39:55
51,PEREEZD,16:45:42,True,2026-01-11 17:39:55
51,AVTOSTB,17:08:00,True,2026-01-11 17:39:55
51,MUZEY1A,17:13:07,True,2026-01-11 17:39:55
51,NABERA1,17:19:14,True,2026-01-11 17:39:55
51,SHKISKUA,17:25:22,True,2026-01-11 17:39:55
51,POCHTA5B,17:30:29,True,2026-01-11 17:39:55
51,TOYMENA,17:36:37,True,2026-01-11 17:39:55
51,PEREEZD,17:42:44,True,2026-01-11 17:39:55
51,AVTOSTB,18:08:00,True,2026-01-11 17:39:55
51,MUZEY1A,18:12:12,True,2026-01-11 17:39:55
51,NABERA1,18:16:25,True,2026-01-11 17:39:55
51,SHKISKUA,18:20:38,True,2026-01-11 17:39:55
51,POCHTA5B,18:24:51,True,2026-01-11 17:39:55
51,TOYMENA,18:31:03,True,2026-01-11 17:39:55
51,PEREEZD,18:39:16,True,2026-01-11 17:39:55
51,AVTOSTB,19:10:00,True,2026-01-11 17:39:55
51,MUZEY1A,19:15:35,True,2026-01-11 17:39:55
51,NABERA1,19:21:10,True,2026-01-11 17:39:55
51,SHKISKUA,19:27:45,True,2026-01-11 17:39:55
51,POCHTA5B,19:32:20,True,2026-01-11 17:39:55
51,TOYMENA,19:37:55,True,2026-01-11 17:39:55
51,PEREEZD,19:45:30,True,2026-01-11 17:39:55
51,AVTOSTB,20:41:00,True,2026-01-11 17:39:55
51,MUZEY1A,20:46:33,True,2026-01-11 17:39:55
51,NABERA1,20:51:06,True,2026-01-11 17:39:55
51,SHKISKUA,20:55:39,True,2026-01-11 17:39:55
51,POCHTA5B,21:03:12,True,2026-01-11 17:39:55
51,TOYMENA,21:10:45,True,2026-01-11 17:39:55
51,PEREEZD,21:19:18,True,2026-01-11 17:39:55
51,AVTOSTB,22:08:00,True,2026-01-11 17:39:55
51,MUZEY1A,22:15:34,True,2026-01-11 17:39:55
51,NABERA1,22:21:08,True,2026-01-11 17:39:55
51,SHKISKUA,22:26:43,True,2026-01-11 17:39:55
51,POCHTA5B,22:34:17,True,2026-01-11 17:39:55
51,TOYMENA,22:40:52,True,2026-01-11 17:39:55
51,PEREEZD,22:50:26,True,2026-01-11 17:39:55
52,PEREEZB,07:12:00,True,2026-01-11 17:39:55
52,TOYMENB,07:17:06,True,2026-01-11 17:39:55
52,POCHTA5,07:23:12,True,2026-01-11 17:39:55
52,SHKISKUB,07:30:18,True,2026-01-11 17:39:55
52,NABERA2,07:36:24,True,2026-01-11 17:39:55
52,MUZEY1B,07:43:30,True,2026-01-11 17:39:55
52,AVTOSTC,07:47:36,True,2026-01-11 17:39:55
52,PEREEZB,08:09:00,True,2026-01-11 17:39:55
52,POCHTA5,08:20:33,True,2026-01-11 17:39:55
52,SHKISKUB,08:27:20,True,2026-01-11 17:39:55
52,NABERA2,08:34:07,True,2026-01-11 17:39:55
52,MUZEY1B,08:38:54,True,2026-01-11 17:39:55
52,AVTOSTC,08:46:41,True,2026-01-11 17:39:55
52,TOYMENB,09:14:12,True,2026-01-11 17:39:55
52,POCHTA5,09:19:25,True,2026-01-11 17:39:55
52,SHKISKUB,09:24:38,True,2026-01-11 17:39:55
52,MUZEY1B,09:39:03,True,2026-01-11 17:39:55
52,PEREEZB,10:11:00,True,2026-01-11 17:39:55
52,TOYMENB,10:17:12,True,2026-01-11 17:39:55
52,POCHTA5,10:21:25,True,2026-01-11 17:39:55
52,SHKISKUB,10:27:38,True,2026-01-11 17:39:55
52,NABERA2,10:33:51,True,2026-01-11 17:39:55
52,AVTOSTC,10:46:17,True,2026-01-11 17:39:55
52,PEREEZB,11:39:00,True,2026-01-11 17:39:55
52,TOYMENB,11:46:08,True,2026-01-11 17:39:55
52,POCHTA5,11:51:16,True,2026-01-11 17:39:55
52,SHKISKUB,11:57:25,True,2026-01-11 17:39:55
52,MUZEY1B,12:10:42,True,2026-01-11 17:39:55
52,AVTOSTC,12:17:50,True,2026-01-11 17:39:55
52,PEREEZB,13:11:00,True,2026-01-11 17:39:55
52,TOYMENB,13:16:29,True,2026-01-11 17:39:55
52,POCHTA5,13:21:58,True,2026-01-11 17:39:55
52,SHKISKUB,13:26:28,True,2026-01-11 17:39:55
52,NABERA2,13:32:57,True,2026-01-11 17:39:55
52,MUZEY1B,13:38:26,True,2026-01-11 17:39:55
52,AVTOSTC,13:44:56,True,2026-01-11 17:39:55
52,PEREEZB,14:38:00,True,2026-01-11 17:39:55
52,TOYMENB,14:43:22,True,2026-01-11 17:39:55
52,POCHTA5,14:46:44,True,2026-01-11 17:39:55
52,SHKISKUB,14:51:07,True,2026-01-11 17:39:55
52,NABERA2,14:57:29,True,2026-01-11 17:39:55
52,MUZEY1B,15:00:52,True,2026-01-11 17:39:55
52,AVTOSTC,15:04:14,True,2026-01-11 17:39:55
52,PEREEZB,16:10:00,True,2026-01-11 17:39:55
52,TOYMENB,16:15:12,True,2026-01-11 17:39:55
52,POCHTA5,16:22:25,True,2026-01-11 17:39:55
52,SHKISKUB,16:26:38,True,2026-01-11 17:39:55
52,MUZEY1B,16:36:03,True,2026-01-11 17:39:55
52,AVTOSTC,16:41:16,True,2026-01-11 17:39:55
52,PEREEZB,17:11:00,True,2026-01-11 17:39:55
52,TOYMENB,17:17:39,True,2026-01-11 17:39:55
52,POCHTA5,17:25:19,True,2026-01-11 17:39:55
52,SHKISKUB,17:32:59,True,2026-01-11 17:39:55
52,NABERA2,17:40:39,True,2026-01-11 17:39:55
52,MUZEY1B,17:48:19,True,2026-01-11 17:39:55
52,AVTOSTC,17:55:59,True,2026-01-11 17:39:55
52,PEREEZB,18:09:00,True,2026-01-11 17:39:55
52,TOYMENB,18:12:45,True,2026-01-11 17:39:55
52,POCHTA5,18:16:30,True,2026-01-11 17:39:55
52,SHKISKUB,18:20:16,True,2026-01-11 17:39:55
52,NABERA2,18:25:01,True,2026-01-11 17:39:55
52,MUZEY1B,18:29:46,True,2026-01-11 17:39:55
52,AVTOSTC,18:35:32,True,2026-01-11 17:39:55
52,PEREEZB,19:08:00,True,2026-01-11 17:39:55
52,TOYMENB,19:14:52,True,2026-01-11 17:39:55
52,POCHTA5,19:18:44,True,2026-01-11 17:39:55
52,SHKISKUB,19:22:36,True,2026-01-11 17:39:55
52,NABERA2,19:28:28,True,2026-01-11 17:39:55
52,MUZEY1B,19:35:20,True,2026-01-11 17:39:55
52,AVTOSTC,19:40:12,True,2026-01-11 17:39:55
52,PEREEZB,20:40:00,True,2026-01-11 17:39:55
52,TOYMENB,20:46:37,True,2026-01-11 17:39:55
52,POCHTA5,20:50:15,True,2026-01-11 17:39:55
52,SHKISKUB,20:55:53,True,2026-01-11 17:39:55
52,NABERA2,21:00:31,True,2026-01-11 17:39:55
52,MUZEY1B,21:06:08,True,2026-01-11 17:39:55
52,AVTOSTC,21:10:46,True,2026-01-11 17:39:55
52,PEREEZB,22:12:00,True,2026-01-11 17:39:55
52,TOYMENB,22:17:19,True,2026-01-11 17:39:55
52,POCHTA5,22:21:38,True,2026-01-11 17:39:55
52,SHKISKUB,22:25:58,True,2026-01-11 17:39:55
52,NABERA2,22:32:17,True,2026-01-11 17:39:55
52,MUZEY1B,22:37:36,True,2026-01-11 17:39:55
52,AVTOSTC,22:43:56,True,2026-01-11 17:39:55
61,AVTOSTC,06:07:00,True,2026-01-11 17:39:55
61,GIBDD1A,06:14:13,True,2026-01-11 17:39:55
61,RAISUDA,06:18:27,True,2026-01-11 17:39:55
61,MYASOKA,06:23:41,True,2026-01-11 17:39:55
61,VINZAVA,06:29:55,True,2026-01-11 17:39:55
61,VOKZAL1,06:38:09,True,2026-01-11 17:39:55
61,AVTOSTC,07:34:00,True,2026-01-11 17:39:55
61,GIBDD1A,07:39:17,True,2026-01-11 17:39:55
61,RAISUDA,07:44:34,True,2026-01-11 17:39:55
61,MYASOKA,07:48:51,True,2026-01-11 17:39:55
61,VINZAVA,07:52:08,True,2026-01-11 17:39:55
61,VOKZAL1,08:00:25,True,2026-01-11 17:39:55
61,AVTOSTC,08:34:00,True,2026-01-11 17:39:55
61,GIBDD1A,08:37:58,True,2026-01-11 17:39:55
61,RAISUDA,08:41:56,True,2026-01-11 17:39:55
61,MYASOKA,08:48:54,True,2026-01-11 17:39:55
61,VINZAVA,08:53:52,True,2026-01-11 17:39:55
61,VOKZAL1,09:00:51,True,2026-01-11 17:39:55
61,AVTOSTC,09:34:00,True,2026-01-11 17:39:55
61,GIBDD1A,09:40:33,True,2026-01-11 17:39:55
61,RAISUDA,09:45:07,True,2026-01-11 17:39:55
61,MYASOKA,09:50:40,True,2026-01-11 17:39:55
61,VINZAVA,09:58:14,True,2026-01-11 17:39:55
61,VOKZAL1,10:06:48,True,2026-01-11 17:39:55
61,AVTOSTC,10:36:00,True,2026-01-11 17:39:55
61,GIBDD1A,10:40:02,True,2026-01-11 17:39:55
61,RAISUDA,10:47:05,True,2026-01-11 17:39:55
61,MYASOKA,10:51:08,True,2026-01-11 17:39:55
61,VINZAVA,10:57:10,True,2026-01-11 17:39:55
61,VOKZAL1,11:03:13,True,2026-01-11 17:39:55
61,AVTOSTC,12:06:00,True,2026-01-11 17:39:55
61,GIBDD1A,12:10:34,True,2026-01-11 17:39:55
61,RAISUDA,12:17:09,True,2026-01-11 17:39:55
61,MYASOKA,12:24:44,True,2026-01-11 17:39:55
61,VINZAVA,12:30:19,True,2026-01-11 17:39:55
61,VOKZAL1,12:39:54,True,2026-01-11 17:39:55
61,AVTOSTC,13:34:00,True,2026-01-11 17:39:55
61,GIBDD1A,13:38:24,True,2026-01-11 17:39:55
61,RAISUDA,13:42:48,True,2026-01-11 17:39:55
61,MYASOKA,13:46:13,True,2026-01-11 17:39:55
61,VINZAVA,13:50:37,True,2026-01-11 17:39:55
61,VOKZAL1,13:58:01,True,2026-01-11 17:39:55
61,AVTOSTC,15:03:00,True,2026-01-11 17:39:55
61,GIBDD1A,15:10:14,True,2026-01-11 17:39:55
61,RAISUDA,15:17:29,True,2026-01-11 17:39:55
61,MYASOKA,15:22:43,True,2026-01-11 17:39:55
61,VINZAVA,15:26:58,True,2026-01-11 17:39:55
61,VOKZAL1,15:35:12,True,2026-01-11 17:39:55
61,AVTOSTC,16:35:00,True,2026-01-11 17:39:55
61,GIBDD1A,16:38:41,True,2026-01-11 17:39:55
61,RAISUDA,16:42:22,True,2026-01-11 17:39:55
61,MYASOKA,16:48:04,True,2026-01-11 17:39:55
61,VINZAVA,16:54:45,True,2026-01-11 17:39:55
61,VOKZAL1,17:03:26,True,2026-01-11 17:39:55
61,AVTOSTC,17:36:00,True,2026-01-11 17:39:55
61,GIBDD1A,17:40:51,True,2026-01-11 17:39:55
61,RAISUDA,17:47:42,True,2026-01-11 17:39:55
61,MYASOKA,17:51:33,True,2026-01-11 17:39:55
61,VINZAVA,17:58:24,True,2026-01-11 17:39:55
61,VOKZAL1,18:07:15,True,2026-01-11 17:39:55
61,GIBDD1A,18:40:59,True,2026-01-11 17:39:55
61,RAISUDA,18:45:59,True,2026-01-11 17:39:55
61,MYASOKA,18:52:58,True,2026-01-11 17:39:55
61,VINZAVA,18:58:58,True,2026-01-11 17:39:55
61,VOKZAL1,19:07:57,True,2026-01-11 17:39:55
61,AVTOSTC,19:37:00,True,2026-01-11 17:39:55
61,GIBDD1A,19:42:23,True,2026-01-11 17:39:55
61,RAISUDA,19:46:47,True,2026-01-11 17:39:55
61,MYASOKA,19:52:11,True,2026-01-11 17:39:55
61,VINZAVA,19:58:35,True,2026-01-11 17:39:55
61,VOKZAL1,20:04:58,True,2026-01-11 17:39:55
61,AVTOSTC,21:04:00,True,2026-01-11 17:39:55
61,GIBDD1A,21:08:31,True,2026-01-11 17:39:55
61,RAISUDA,21:15:03,True,2026-01-11 17:39:55
61,MYASOKA,21:21:35,True,2026-01-11 17:39:55
61,VINZAVA,21:29:07,True,2026-01-11 17:39:55
61,VOKZAL1,21:37:39,True,2026-01-11 17:39:55
62,VOKZAL1,06:37:00,True,2026-01-11 17:39:55
62,VINZAVB,06:44:17,True,2026-01-11 17:39:55
62,MYASOKB,06:50:35,True,2026-01-11 17:39:55
62,RAISUDB,06:55:52,True,2026-01-11 17:39:55
62,GIBDD1B,07:00:10,True,2026-01-11 17:39:55
62,AVTOСТА,07:06:27,True,2026-01-11 17:39:55
62,VOKZAL1,08:05:00,True,2026-01-11 17:39:55
62,VINZAVB,08:11:46,True,2026-01-11 17:39:55
62,MYASOKB,08:17:33,True,2026-01-11 17:39:55
62,RAISUDB,08:22:20,True,2026-01-11 17:39:55
62,GIBDD1B,08:27:07,True,2026-01-11 17:39:55
62,AVTOСТА,08:34:54,True,2026-01-11 17:39:55
62,VOKZAL1,09:07:00,True,2026-01-11 17:39:55
62,VINZAVB,09:11:24,True,2026-01-11 17:39:55
62,MYASOKB,09:16:48,True,2026-01-11 17:39:55
62,RAISUDB,09:23:13,True,2026-01-11 17:39:55
62,GIBDD1B,09:29:37,True,2026-01-11 17:39:55
62,AVTOСТА,09:37:02,True,2026-01-11 17:39:55
62,VOKZAL1,10:03:00,True,2026-01-11 17:39:55
62,VINZAVB,10:09:06,True,2026-01-11 17:39:55
62,MYASOKB,10:15:13,True,2026-01-11 17:39:55
62,GIBDD1B,10:25:27,True,2026-01-11 17:39:55
62,VOKZAL1,11:36:00,True,2026-01-11 17:39:55
62,VINZAVB,11:43:38,True,2026-01-11 17:39:55
62,MYASOKB,11:51:16,True,2026-01-11 17:39:55
62,GIBDD1B,12:03:32,True,2026-01-11 17:39:55
62,AVTOСТА,12:09:10,True,2026-01-11 17:39:55
62,VOKZAL1,13:07:00,True,2026-01-11 17:39:55
62,VINZAVB,13:13:23,True,2026-01-11 17:39:55
62,MYASOKB,13:19:47,True,2026-01-11 17:39:55
62,RAISUDB,13:23:11,True,2026-01-11 17:39:55
62,GIBDD1B,13:27:35,True,2026-01-11 17:39:55
62,VOKZAL1,14:34:00,True,2026-01-11 17:39:55
62,VINZAVB,14:40:09,True,2026-01-11 17:39:55
62,MYASOKB,14:45:19,True,2026-01-11 17:39:55
62,RAISUDB,14:51:29,True,2026-01-11 17:39:55
62,GIBDD1B,14:56:38,True,2026-01-11 17:39:55
62,AVTOСТА,15:02:48,True,2026-01-11 17:39:55
62,VOKZAL1,16:06:00,True,2026-01-11 17:39:55
62,VINZAVB,16:10:37,True,2026-01-11 17:39:55
62,MYASOKB,16:16:15,True,2026-01-11 17:39:55
62,RAISUDB,16:23:52,True,2026-01-11 17:39:55
62,GIBDD1B,16:28:30,True,2026-01-11 17:39:55
62,AVTOСТА,16:35:08,True,2026-01-11 17:39:55
62,VOKZAL1,17:07:00,True,2026-01-11 17:39:55
62,VINZAVB,17:12:13,True,2026-01-11 17:39:55
62,MYASOKB,17:19:27,True,2026-01-11 17:39:55
62,RAISUDB,17:26:40,True,2026-01-11 17:39:55
62,GIBDD1B,17:31:54,True,2026-01-11 17:39:55
62,AVTOСТА,17:38:07,True,2026-01-11 17:39:55
62,VOKZAL1,18:05:00,True,2026-01-11 17:39:55
62,VINZAVB,18:12:34,True,2026-01-11 17:39:55
62,MYASOKB,18:17:08,True,2026-01-11 17:39:55
62,RAISUDB,18:23:42,True,2026-01-11 17:39:55
62,GIBDD1B,18:29:17,True,2026-01-11 17:39:55
62,AVTOСТА,18:35:51,True,2026-01-11 17:39:55
62,VOKZAL1,19:03:00,True,2026-01-11 17:39:55
62,VINZAVB,19:10:03,True,2026-01-11 17:39:55
62,RAISUDB,19:21:09,True,2026-01-11 17:39:55
62,GIBDD1B,19:28:12,True,2026-01-11 17:39:55
62,AVTOСТА,19:32:15,True,2026-01-11 17:39:55
62,VOKZAL1,20:33:00,True,2026-01-11 17:39:55
62,VINZAVB,20:38:16,True,2026-01-11 17:39:55
62,MYASOKB,20:42:33,True,2026-01-11 17:39:55
62,RAISUDB,20:46:49,True,2026-01-11 17:39:55
62,GIBDD1B,20:54:06,True,2026-01-11 17:39:55
62,AVTOСТА,20:58:23,True,2026-01-11 17:39:55
